b_tgt,cat_input1,cat_input2,rfm1,rfm2,rfm3,rfm4,rfm5,rfm6,rfm7,rfm8,rfm9,rfm10,rfm11,rfm12,demog_age,demog_gent,demog_denm,demog_ho,demog_homeva,demog_inc,demog_pr
1,X,B,21.55,39.75,25.78,18.98,0,5,7,9,39,5,11,150,38,男,男,是,26957.76,12983.35,0.36
1,X,B,26.77,6.21,5.65,22.51,11,5,8,8,15,4,9,45,45,男,男,否,10440.81,19056.42,0.62
0,Y,A,22.86,16.31,15.25,13.99,6,14,10,14,31,11,13,141,49,女,女,否,19011.34,14453.09,0.18
1,X,C,16.59,37.58,5.41,38.11,11,3,1,3,42,16,2,88,39,男,男,是,15820.65,10096.65,0.9
0,Y,B,24.13,9.29,2.81,24.49,1,5,10,13,26,3,5,82,32,男,男,是,25882.08,17430.48,0.94
0,Y,E,6.39,30.84,14.93,15.5,2,9,8,5,37,11,14,79,42,男,男,否,11789.17,13002.28,0.16
0,Z,B,14.35,36.29,2.92,41.36,5,19,10,15,2,11,2,54,34,男,男,否,25365.14,19452.61,0.16
1,Z,B,15.03,7.95,30.81,25.3,7,5,8,3,15,6,6,145,29,女,女,否,19393.63,18511.94,0.27
1,Y,D,22.5,16.97,37.55,15.64,13,7,4,17,34,8,14,68,25,男,男,是,12895.03,15550.65,0.92
0,X,E,3.74,21.49,13.07,13.76,1,0,2,12,26,19,15,29,30,女,女,是,27374.65,13149.42,0.58
1,Z,D,20.02,3.49,27.92,16.46,0,6,1,13,36,14,0,122,29,女,女,是,22069.5,19412.34,0.96
0,Z,C,23.75,28.33,34.81,36.35,8,5,6,10,34,5,15,35,45,女,女,是,20069.35,13708.09,0.58
0,X,A,25.28,26.54,17.96,26.5,14,18,5,4,31,12,3,98,40,男,男,否,27236.18,16841.35,0.26
0,Y,B,8.9,37.81,22.9,34.07,5,19,10,2,3,13,7,87,21,男,男,是,11382.16,16869.93,0.01
1,X,C,0.32,7.72,39.73,19.31,7,5,2,5,42,10,12,131,46,女,女,否,29622.25,15574.4,0.78
1,Z,E,27.37,25.35,25.45,22.92,14,19,3,7,50,1,12,94,27,女,女,是,11983.88,16438.4,0.66
1,Z,C,1.03,35.05,35.69,18.15,9,8,9,20,0,11,5,28,34,女,女,是,15577.85,19215.18,0.2
1,Z,D,16.31,14.79,10.1,34.47,7,14,4,12,2,10,9,30,36,男,男,是,23686.12,16707.75,0.83
0,Y,E,5.58,5.26,4.83,14.07,15,19,10,2,43,10,11,99,42,女,女,否,23657.39,15588.73,0.8
1,X,B,16.79,34,10.66,29.55,6,6,6,19,38,17,7,53,20,女,女,否,17616.12,16061.46,0.62
1,Z,D,23.51,22.28,49.3,48.2,10,20,6,6,49,12,5,100,43,男,男,是,18486.78,15596.26,0.74
1,Z,E,0.69,27.48,5.92,26.17,5,18,8,20,5,8,12,114,37,女,女,是,15486.97,10506.16,0.59
1,X,D,20,32.62,13.71,41.85,0,18,0,2,15,20,12,74,37,男,男,否,14131.54,18750.02,0.81
1,X,D,0.41,37.64,47.39,33.03,9,15,2,3,40,6,9,3,39,男,男,是,29896.47,13994.11,0.41
1,Y,B,6.91,24.82,23.41,40.38,5,13,3,1,36,11,1,62,25,女,女,否,17195.77,12600.97,0.72
1,Z,B,9.18,23.38,1.25,29.63,13,11,4,20,38,20,6,88,25,男,男,否,28906.03,19589.72,0.75
1,Z,B,24.54,29.81,9.77,44.73,7,1,6,14,9,18,3,133,43,男,男,是,23371.96,17342.97,0.68
1,Z,D,2.43,39.18,28.63,15.42,12,16,1,2,15,3,9,93,43,男,男,是,11840.41,19302,0.45
1,X,A,24.78,11.12,22.63,11.61,7,15,1,16,50,14,10,130,50,男,男,是,15937.07,14843.83,0.68
0,Y,A,17.62,15.51,15.77,22.06,14,12,3,12,34,18,7,102,49,男,男,是,24984.91,12218.54,0.47
0,Z,C,2.39,33.5,31.1,12.98,1,9,3,0,46,20,2,7,42,女,女,否,10450.12,16888.1,0.37
1,Y,E,17.73,7.01,25.93,32.57,14,3,10,2,47,1,0,142,50,女,女,是,28694.47,10609.37,0.47
1,Z,A,25.68,39.68,21.04,28.04,9,9,6,18,20,2,8,128,37,女,女,是,12662.16,13670.62,0.27
0,X,B,14.54,11.17,19.47,27.2,11,11,6,14,34,14,11,96,35,男,男,是,18309.66,11776.7,0.53
1,Z,A,16.34,3.48,3.67,25.27,10,14,10,14,3,16,13,40,27,男,男,是,10545.03,18056.37,0.52
0,X,E,18.28,25.15,32.82,30.92,2,15,5,17,37,18,12,91,25,男,男,否,23528.31,15612.86,0.52
0,X,B,33.38,6,9.84,45.17,2,12,3,16,2,11,15,7,48,男,男,是,25807.41,10348.29,0.29
0,X,D,19.84,1.5,21.78,35.05,5,20,8,16,26,4,10,20,38,女,女,是,14298.48,18574.7,0.27
1,Y,B,2.48,36.53,37.07,34.66,10,5,9,1,22,17,5,11,24,男,男,否,19339.3,12438.43,0.09
1,X,E,30.95,27.56,16.25,40.94,11,19,3,5,10,5,8,66,33,男,男,否,24074.73,11137.89,0.94
0,Z,C,8.56,14.36,11.65,10.23,0,8,6,14,4,17,1,99,45,女,女,是,14687.33,14171.45,0.52
0,Z,C,39.34,9.71,26.3,48.97,0,14,6,8,36,17,1,38,41,男,男,是,10594.64,17151.03,0.19
0,X,C,37.82,19.61,44.14,36.97,12,7,8,9,46,19,11,100,46,女,女,否,12699.96,10222.49,0.36
1,X,D,5.82,38.93,46.81,23.14,2,1,6,19,49,16,11,84,39,男,男,是,15911.89,19088.67,0.64
1,Z,D,7.39,26.16,4.07,12.87,15,14,10,20,4,13,8,88,49,男,男,否,28389.96,15429.03,0.27
0,Z,A,26.63,17.24,9.29,14.11,2,20,9,20,3,20,14,97,42,男,男,是,14773.51,19343.49,0.47
0,X,A,16.46,17.6,38.64,28.49,9,14,6,11,42,4,15,41,23,男,男,是,10228.36,18374.77,0.13
0,X,E,33.53,8.67,29.29,14.06,11,3,5,10,12,18,1,3,46,女,女,否,25072.26,14490.48,0.47
1,Z,D,8.97,24.08,35.42,39.75,14,11,7,16,2,3,15,34,20,男,男,是,18913.57,19293.78,0.34
1,Y,C,1.28,17.79,44.42,48.18,9,0,4,16,20,15,11,26,23,女,女,否,22543.92,18886.68,0.66
1,X,D,22.48,4.14,39.59,30.25,6,1,1,9,34,11,5,78,32,女,女,是,16659.98,18347.61,0.19
0,X,B,2.55,36.04,48.21,28.65,14,15,3,15,34,16,6,11,33,男,男,否,29696.26,14596.86,0.2
1,X,B,36.98,25.93,0.81,40.93,5,6,6,12,39,3,10,39,41,女,女,是,11314.14,13630.99,0.01
1,Z,E,7.9,32.17,43.96,17.98,11,8,5,20,31,14,5,103,35,男,男,是,27698.27,14002.13,0.23
0,Y,D,20.68,9.99,40.55,37.27,15,12,10,10,39,18,0,115,37,女,女,否,16086.99,10560.63,0.08
1,Y,B,31.79,19.35,44.1,35.79,6,14,5,14,45,4,4,34,23,女,女,否,14959.86,15050.57,0.64
0,Y,A,7.25,39.18,32.16,19.48,12,17,7,7,5,17,4,37,30,男,男,是,19871.73,19814.2,0.66
0,Z,B,17.86,27.34,27.69,17.12,4,17,9,2,49,8,5,55,29,女,女,否,13534.59,12490.78,0.92
1,Z,D,31.07,27,28.74,13.84,3,19,8,2,3,7,13,63,34,男,男,否,13835.55,11243.84,0.42
0,Y,C,11.39,30.86,14.55,15.88,1,5,6,16,4,3,11,74,40,男,男,否,24325.08,15232.01,0.24
1,Y,B,34.37,13.22,11.29,34.05,13,10,10,11,7,10,13,108,27,女,女,是,28965.75,18441.74,0.22
0,Y,B,2.73,26.87,3.33,36.62,7,9,9,7,49,9,0,9,48,男,男,否,28279.61,18595.56,0.86
0,Z,B,39.66,5.01,4.6,27.98,14,8,4,7,2,11,5,114,39,男,男,是,22746.04,11986.81,0.98
0,Z,B,26.76,2.59,26.37,41.27,12,9,3,5,29,13,1,75,32,女,女,是,26437.3,17322.83,0.21
1,Z,D,9.63,36.16,25.03,10.52,12,1,8,4,21,11,7,28,31,女,女,否,29411.89,14160.72,0.14
1,X,B,10.37,2.43,16.38,24.24,9,12,0,12,25,10,8,96,39,女,女,否,25061.2,10587.71,0.81
0,X,C,27.64,18.67,47,12.67,13,1,3,3,13,18,8,107,40,男,男,是,23300.97,17406.38,0.62
1,Z,E,13.79,23.79,38.44,15.51,15,12,3,5,46,12,9,11,39,女,女,否,26717.75,14198.85,0.75
1,Y,E,31.85,9.21,1.86,29.18,10,4,5,10,23,14,13,28,29,男,男,是,18615.77,14553.06,0.45
0,X,A,36.19,4.46,4.21,10.51,2,14,0,1,48,10,11,47,45,男,男,是,21109.34,15799.22,0.82
1,Y,E,32.76,3.09,43.8,13.62,3,2,9,16,27,0,8,6,39,女,女,是,26388.34,13237.01,0.55
0,Z,A,34.55,24.44,48.9,31.78,13,4,8,8,40,0,5,62,35,男,男,是,26896.6,15837.38,0.63
1,X,B,35.83,31.83,24.47,19.94,6,8,3,19,6,2,9,115,50,女,女,否,27574.71,17222,0.38
1,X,C,36.14,36.62,38.6,40.42,0,5,0,6,22,2,15,137,38,女,女,否,24391.08,10461.18,0.79
1,Z,E,26.91,22.23,42.64,17.56,14,20,6,18,9,0,1,5,30,男,男,是,21031.27,18434.8,0.29
0,X,B,4.1,28.64,46.79,32.84,9,9,8,5,39,16,9,79,23,男,男,否,26464.75,14135.95,0.9
0,X,A,33.42,14.45,15.31,32.47,15,14,5,8,14,10,1,9,48,女,女,是,12921.35,14451.24,0.62
0,Z,B,10.52,25.35,43.95,48.89,5,5,5,12,26,4,5,25,37,男,男,是,10702.67,13106.19,0.75
0,Y,A,14.18,27.02,3.31,34.53,4,15,4,5,44,17,9,14,28,女,女,否,16286.3,14667.95,0.75
0,Z,E,20.61,9.26,2.01,28.89,2,15,2,8,7,13,8,139,23,男,男,是,26177.04,15679.67,0.29
0,Y,B,0.59,1.79,4.79,23.6,14,3,0,14,46,2,0,125,25,女,女,是,15789.45,16303.55,0.38
0,Y,B,33.74,32.01,8.07,23.05,1,18,6,0,18,18,5,68,23,女,女,是,15625.39,17048.39,0.11
0,Z,A,5.93,36.58,34.89,25.6,13,11,0,20,22,11,12,95,31,女,女,否,13800.75,16986.6,0.33
0,X,E,32.93,28.25,30.37,49.02,8,1,6,2,45,20,2,150,41,女,女,是,20465.47,14466.83,0.9
1,X,D,34.19,22.18,14.46,22.61,6,7,4,9,40,4,9,90,43,男,男,否,19849.66,17594.09,0.24
0,Y,B,39.78,35.67,2.73,10.27,7,6,5,18,6,6,2,123,50,女,女,否,19032.84,15105.69,0.86
0,Z,A,3.81,24.08,4.95,45.32,15,0,0,20,25,13,11,101,33,男,男,否,26220.58,14404.79,0.15
0,X,A,35.55,12.24,42.62,46.22,14,1,1,7,14,17,0,33,40,女,女,是,13582.82,18598.68,0.8
1,X,A,34.89,12.89,4.97,18.11,0,6,5,19,6,10,13,99,45,男,男,否,19299.74,17837.77,0.84
0,X,E,22.11,27.65,38.78,32.82,4,9,4,14,33,19,2,73,29,男,男,是,20053.23,16366.35,0.01
0,Y,A,38.84,1.18,39.97,24.46,9,1,7,0,23,19,1,131,34,男,男,是,27139.76,10205.68,0.77
0,Z,E,30.38,14.55,38.81,45.57,12,10,1,15,38,18,7,97,27,男,男,否,26279.86,19102.62,0.15
0,Y,C,39.14,22.6,43.31,37.37,14,20,10,7,24,11,6,142,28,男,男,是,26890.13,14514.7,0.38
0,Y,B,33.54,4.25,28.86,47.82,7,13,10,2,31,5,7,50,41,男,男,是,17957.39,12992.96,0.78
0,X,C,12.65,16.48,34.87,26.47,6,7,4,6,3,6,12,90,25,女,女,是,21445.63,15982.88,0.12
1,Y,A,33.82,21.14,5,21.39,0,17,8,4,50,7,0,44,45,男,男,否,29707.05,14297.95,0.87
0,Y,D,23.53,8.08,6.26,44.51,8,17,8,0,44,16,0,61,32,男,男,是,29520.93,17234.16,0.5
1,Y,A,33.88,18.39,39.91,13.98,15,11,3,16,40,1,15,110,21,男,男,否,15674.47,17285.89,0.12
1,X,C,11.86,5.05,0.67,17.37,0,11,7,1,19,20,3,121,49,女,女,是,22411.22,13458.61,0.85
0,Y,D,25.47,12.29,24.72,31.63,5,17,9,3,33,15,1,101,36,男,男,是,10853.09,14581.73,0.29
0,X,A,2.13,1.53,35.98,33.97,8,17,8,4,40,7,13,137,21,女,女,是,24080.52,19114.67,0.02
1,X,E,23.85,23.74,24.68,20.58,7,20,10,12,5,14,11,129,38,男,男,是,15945.88,16557.69,0.65
0,Z,B,32.84,29.88,38.63,49.43,12,0,6,8,22,15,11,131,33,女,女,否,27842.27,17288.6,0.29
1,Z,D,13.21,5.71,1.58,27.77,7,11,3,9,29,8,13,116,35,女,女,否,10583.46,12891.99,0.73
1,Y,B,28.71,7.9,44.55,39.86,13,16,4,12,21,9,10,127,45,男,男,否,20034.68,18765.86,0.78
1,X,A,24.13,25.36,9.14,33.33,13,0,1,12,33,1,2,38,26,男,男,否,23339.4,14087.83,0.61
0,X,B,36.7,14.65,31.28,23.88,12,18,1,16,26,3,10,71,39,男,男,否,25664.99,16841.1,0.4
1,Y,D,38.15,20.56,42.15,40.42,11,3,5,2,10,18,9,118,26,女,女,否,28469.22,14237.4,0.22
0,Z,C,38.25,14.1,38.27,29.47,8,13,0,3,25,12,5,129,48,男,男,是,15992.12,19406.32,0.93
0,Y,B,2.82,7.12,3.78,42.74,14,14,5,3,27,8,4,93,35,男,男,是,28680.91,17234.28,0.63
1,X,C,11.51,7.51,32.81,18.35,9,12,6,15,2,5,15,113,50,女,女,否,13965.39,14076.08,0.67
1,Z,C,18.64,39.22,3.69,40.31,3,17,7,0,37,9,9,43,32,男,男,否,20582.63,18799.65,0.86
0,X,E,34.1,34.47,26.74,10.54,3,7,1,0,39,3,7,116,44,男,男,否,19385.42,10772.23,0.06
0,Y,D,9.96,18.49,24.62,43.03,10,11,0,1,13,16,7,38,34,女,女,否,20204.29,14953.3,0.65
0,Y,A,20.77,25.69,17.35,41.12,1,1,9,9,13,16,3,40,48,男,男,是,29013.99,15751.47,0.54
1,Z,D,39.31,28.09,30.2,17.98,14,18,1,13,24,16,6,68,41,女,女,是,27376.75,12641.44,0.59
1,X,D,29.76,30.82,48.2,25.1,9,1,1,8,37,20,1,27,20,女,女,否,14938.95,13004.61,0.65
0,Y,A,31.36,4.5,27.95,17.35,12,8,0,20,28,18,7,33,50,男,男,否,15844.34,16236.09,0.28
1,Y,C,21.44,24.15,6.63,10.31,5,6,5,3,14,14,13,91,33,女,女,是,11468.48,14886.39,0.92
0,Z,A,27.69,30.5,37.73,28.18,0,7,0,10,25,12,11,1,23,女,女,否,24800.02,14350.6,0.52
1,X,E,24.17,33.42,22.65,24.01,10,16,5,1,20,0,0,133,25,女,女,是,13176.72,17479.34,0.74
0,Z,C,23.44,32.75,22.01,32.85,9,5,3,15,39,4,14,61,20,男,男,是,22054.45,15157.82,0.11
0,Z,B,27.7,6,35.7,48.36,1,16,1,11,35,16,7,126,30,男,男,否,27902.63,17190.35,0.36
1,Y,E,19.61,0.38,23.39,23.85,8,19,3,18,21,18,14,150,40,男,男,是,11371.24,14977.72,0.62
1,X,D,32.42,11.13,28.33,24.15,12,10,10,2,50,16,3,43,37,女,女,是,22796,19061.66,0.78
0,Y,E,3.22,24.64,35.83,23.04,15,11,6,16,5,2,8,2,50,男,男,否,25328.51,18871.65,0.21
1,Y,E,20.24,27.81,23.61,35.34,3,15,9,11,20,4,8,125,28,女,女,是,18453.29,14772.84,0.05
0,Y,B,7.31,8.8,28.7,45.74,3,20,4,19,27,18,4,40,45,女,女,是,17098.7,16193.51,0.53
1,X,B,1.02,2.1,2.5,20.2,8,19,5,5,42,1,15,122,35,女,女,否,13098.73,14458.05,0.39
1,X,C,22.77,38.2,14.25,20.41,1,6,2,4,20,18,4,115,45,男,男,否,19197.97,18019.43,0.72
1,Z,D,6.78,36.94,37.01,33.61,10,14,5,8,47,16,1,29,20,男,男,是,13951.45,12702.2,0.86
0,Z,C,19.26,34.42,47.2,42.43,11,18,5,14,13,17,10,89,26,男,男,否,27643.85,16282.02,0.24
0,Y,E,15.7,27.09,29.52,22.37,15,19,5,12,30,20,13,68,41,男,男,是,29904.32,13018.48,0.23
1,Y,B,13.83,7.53,39.53,18.81,2,9,9,16,21,7,8,35,48,男,男,是,14460.75,16442.08,0.02
1,Y,E,32,19.93,15.04,21.97,6,20,9,3,20,8,9,2,40,男,男,否,22787.69,13720.99,0.56
0,Y,B,38.72,0.24,22.5,35.91,7,3,0,19,14,17,1,80,34,女,女,是,26095.27,18286.81,0.49
1,Y,B,17,18.79,22.22,32.83,11,2,2,5,37,19,8,130,28,男,男,否,18898.36,10911.25,0.62
1,Z,C,21.84,6.42,36.47,39.43,5,16,6,11,28,3,9,64,44,女,女,是,28335.52,13628.19,0.83
0,Z,E,18.04,33.63,10.95,43.89,13,3,3,8,47,5,6,125,26,女,女,是,29549.8,14504.19,0.82
1,Y,B,29.49,21.4,29.14,38.24,0,17,6,14,24,4,15,114,35,男,男,否,12257.15,13696.96,0.45
1,Z,B,7.66,34.71,31.88,29.93,9,7,4,18,5,20,9,77,28,女,女,是,26204.39,10102,0.98
0,Y,A,1.89,25.94,49.6,30.26,12,9,2,7,39,5,7,60,34,女,女,否,11124.57,19538.55,0.3
0,X,A,37.35,28.37,28.42,32.97,12,3,6,14,43,15,4,126,37,女,女,是,29320.93,16392.54,0.56
1,Y,D,30.32,23.15,5.96,33.02,4,12,10,0,8,16,4,101,29,女,女,否,19933.46,12322.99,0.18
1,Z,B,3.83,38.27,21.83,45.67,13,12,1,18,48,17,12,71,33,男,男,否,14981.74,16122.37,0.54
1,Z,C,27.5,2.41,13.8,40.35,15,2,5,8,10,3,10,132,39,女,女,否,13476.26,12815.12,0.51
1,Y,B,38.86,14.47,44.24,23.53,11,0,2,3,23,20,1,16,50,女,女,否,12901.8,15879.02,0.89
0,X,B,39.77,38.18,15.03,30.39,6,8,5,19,25,18,9,112,46,女,女,是,14102.06,14829.06,0.51
1,Y,B,24.62,6.03,35.66,11.99,2,13,7,3,22,2,13,27,23,男,男,否,16452.71,14285.19,0.63
0,Z,A,2.31,22.1,16.27,29.89,13,8,10,0,30,19,11,47,22,女,女,是,11985.11,11051.76,0.43
1,Y,B,19,24.27,42.17,46.7,9,4,7,14,12,10,2,135,31,男,男,是,21093.44,11932.43,0.43
0,Z,A,39.3,20.31,5.98,18.13,13,1,3,9,42,2,5,84,37,男,男,否,21476.57,18179.72,0.5
0,X,E,0.17,38.24,21.1,17.63,1,5,3,10,26,13,15,107,43,女,女,是,27694.09,19120.75,0.39
0,X,A,10.33,22.78,20.55,49.74,3,1,3,14,19,4,4,127,43,女,女,是,27792.65,15815.97,0.44
0,Z,B,30.76,1.34,14.28,19.53,5,14,5,0,26,16,4,127,35,女,女,是,21880.4,14348.84,0.98
0,X,A,34.03,30.5,6.84,26.26,7,17,6,16,6,9,10,147,31,男,男,否,22042.67,15053.7,0.3
1,X,D,32.32,3.8,13.63,43.55,12,1,1,16,21,4,3,127,36,女,女,否,17090.64,16275.1,0.36
1,Z,A,4,37.16,42.62,21.65,9,18,5,8,47,3,15,64,41,女,女,是,11547.05,12453.24,0.66
0,Z,B,1.11,29.8,47.98,46.51,9,10,4,13,34,12,0,41,48,男,男,是,15983.1,17912.3,0.48
1,Y,D,35.99,27.24,28.05,10.36,0,20,6,16,38,13,5,94,41,女,女,是,14708.24,11823.36,0.07
1,Y,C,15.96,8,5.4,16.85,0,13,3,16,49,6,8,45,20,男,男,否,17342.71,14428.12,0.36
0,X,E,10.9,24.69,6.61,20.92,6,20,7,10,7,7,9,65,50,女,女,是,19246.53,11428.59,0.08
0,X,B,2.98,2.29,35.11,37.34,15,11,0,9,13,1,5,127,36,女,女,是,13715.66,15254.45,0.72
1,Y,A,37.95,14.89,19.16,46.75,15,4,10,17,46,6,3,28,47,女,女,是,22391.6,15066.31,0.98
1,Y,E,8.28,33.47,14.95,13.15,3,7,5,15,23,18,8,125,49,男,男,是,22687.47,15554.57,0.34
1,Y,B,4.78,21.87,44.62,49.83,1,0,5,13,44,0,4,47,47,女,女,否,15822.72,13789.71,0.24
1,Y,C,28.98,35.64,36.14,32.62,12,13,6,7,2,4,14,129,35,男,男,否,11647.14,15506.72,0.97
1,Z,C,13.66,24.01,41.23,30.42,5,16,9,10,49,19,0,64,32,女,女,否,20207.92,14903.09,0.04
1,X,D,25.06,32.41,20.42,17.55,12,19,10,1,19,8,14,19,24,男,男,是,27976.74,11517.55,0.53
1,Z,B,0.22,11.14,32.96,40.91,9,8,7,8,21,8,2,140,24,女,女,是,14716.89,16741.92,0.28
1,Y,A,7.27,35.59,13.74,43.15,7,0,10,15,23,19,5,63,35,男,男,是,17350.03,10783.73,0.67
0,X,C,1.84,7.67,26.71,46.23,9,4,1,11,32,4,14,86,35,女,女,是,25035.88,15586.39,0.01
0,X,A,33.41,10.87,12.72,45.55,5,5,6,0,3,2,8,132,47,男,男,否,27153.28,16901.53,0.59
0,Z,C,16.23,2.87,44.2,30.06,9,6,4,0,40,8,12,43,49,男,男,是,24567.91,15942.1,0.62
1,Z,E,11.84,12.3,37.77,32.62,15,2,0,18,11,17,15,38,26,女,女,是,27110.93,16201.05,0.61
1,Y,E,11.31,19.54,27.22,23.63,15,7,5,17,24,5,12,7,22,女,女,是,28333.98,15162.95,0.08
0,Z,D,27.29,34.5,3.22,38.08,15,2,3,16,31,17,6,122,44,男,男,是,17539.23,17662.66,0.48
0,Z,C,30.32,9.4,20.49,33.11,14,20,1,7,19,11,10,139,47,女,女,否,22237.26,11526.21,0.77
0,Z,A,24.13,35.34,20.5,27.97,13,19,5,11,42,20,11,9,26,男,男,否,14062.73,17622.3,0.02
1,X,B,24.48,29.61,6.23,45.71,0,12,3,13,41,2,13,122,45,女,女,否,23004.87,15220.7,0.72
1,Y,C,6.03,36.38,35.85,33.28,7,17,7,3,6,7,7,11,43,女,女,是,12416.01,19104.37,0.56
0,X,E,36.61,20.59,15.66,26.82,9,8,8,1,24,5,1,18,43,男,男,是,19676.2,17090.9,0.74
1,Y,C,27.78,6.82,28.1,14.47,5,8,1,19,46,10,5,88,42,女,女,是,23364.56,14849.36,0.64
0,Y,E,35.91,16.69,12.94,19.3,4,6,1,4,20,14,13,47,33,男,男,是,16430.06,18442.38,0.82
1,Z,B,22.41,19.94,35.1,42.72,15,3,6,19,25,0,14,27,34,女,女,是,11556.63,18153.69,0.94
1,Z,A,30.81,7.1,13.61,41.98,5,19,4,2,46,12,13,51,35,女,女,否,25650.55,16674.01,0.75
1,Z,B,12.38,13.58,12.45,11.73,1,2,3,2,41,12,9,37,28,女,女,是,10156.26,14288.48,0.82
1,X,E,8.36,6.95,31.89,26.33,13,20,3,15,9,8,11,48,25,男,男,否,13421.56,11394.6,0.62
0,Y,A,18.29,36.37,31.95,40.91,2,18,6,6,40,0,13,38,40,女,女,是,23487.67,15056.65,0.56
1,Y,D,24.16,28.01,40.74,16.87,11,12,2,17,14,3,8,73,27,男,男,是,29572.15,17544.06,0.32
1,X,A,30.14,12.18,36.3,39.23,15,12,9,6,20,16,12,106,26,女,女,否,20567.23,15608.67,0.95
1,Z,E,36.81,6.79,19.15,28.58,12,7,5,20,44,0,6,46,24,女,女,否,11828.62,17308.01,0.44
1,Y,B,22.82,8.87,24.96,29.87,2,0,3,2,40,19,10,98,25,男,男,否,21580.36,18482.38,0.28
0,Y,D,0.15,11.74,8.08,18.79,8,9,3,1,46,5,4,94,28,男,男,否,26725.53,13865.09,0.1
1,Z,E,17.09,4.01,1.25,12.63,11,20,6,17,9,20,0,76,20,男,男,否,16845.8,13575.7,0.77
0,Z,E,32.18,18.89,47.19,12.14,11,3,7,0,12,2,7,119,24,女,女,否,10860.42,19432.19,0.66
0,Z,A,18.66,24.21,17.55,16.91,1,16,8,17,10,11,15,92,48,男,男,否,22206.28,14438.14,0.24
0,X,C,19.35,15.14,41.1,27.11,12,6,7,7,34,17,15,93,28,男,男,否,25041.02,10448.75,0.52
0,Y,A,25.42,38.47,48.36,39.68,6,7,6,9,17,14,12,134,25,男,男,是,21629.89,19265.03,0.08
1,Z,A,32.74,18.29,14.48,24.94,3,4,1,7,12,18,1,94,21,女,女,否,16889.75,13930.23,0.31
1,Z,A,32.57,25.29,8.59,43.76,15,12,10,17,33,5,10,116,35,女,女,是,10246.7,13791.54,0.38
1,Y,B,24.84,27.83,43.92,38.36,7,13,7,2,13,10,2,28,44,男,男,是,13979.46,17623.02,0.65
1,Z,D,22.32,15.91,29.01,24.79,8,3,10,15,14,2,10,45,28,女,女,是,23246.9,15703.55,0.41
0,X,A,37.3,29.63,8.64,21.82,2,17,1,17,24,9,15,110,46,女,女,否,21689.55,11306.39,0.49
1,Z,C,4.46,32.87,10.02,21.68,1,16,0,14,50,18,3,25,39,男,男,否,15058.29,13892.75,0.31
0,Y,D,14.58,31.47,30.14,30.07,2,10,5,4,19,11,6,148,41,女,女,是,19571.86,19766.6,0.64
1,Z,B,33.8,36.52,14.61,38.04,12,11,1,11,8,18,6,82,24,女,女,否,16499.83,18721.65,0.52
0,X,C,13.03,36.02,18.29,49.26,15,1,5,18,48,7,13,142,29,女,女,否,16407.14,18977.88,0.57
1,X,C,0.42,34.87,40.06,10.06,3,4,7,15,45,13,8,78,30,男,男,否,17017.76,16064.94,0.23
0,Y,B,30.64,11.6,20.5,26.71,15,10,5,20,8,3,1,110,29,男,男,否,23035.9,16240.66,0.41
0,Z,C,23.19,0.47,19.17,28.18,8,12,0,14,36,1,5,112,25,男,男,是,16861.09,17397.42,0.33
0,Y,E,15.16,32.23,49.92,16.48,3,2,4,15,44,4,10,24,23,男,男,否,17863.03,17657.5,0.43
1,X,A,12.04,21.64,39.37,13.79,13,17,3,16,50,8,8,1,24,男,男,否,16020.85,13391.21,0.25
0,Z,E,7.79,16.13,41.8,12.06,3,16,8,12,2,12,4,62,47,男,男,否,13220.74,19914.15,0.94
0,Y,D,5.21,39.45,28.45,45.94,8,10,2,12,39,5,9,115,37,男,男,否,28473.64,11325.74,0.79
1,Z,D,4.4,26.34,18.35,32.45,10,16,1,2,24,10,13,136,44,男,男,是,29407.81,10598.96,0.23
1,Y,D,6.66,6.64,10.92,37.64,1,10,10,13,19,8,2,95,23,男,男,否,24980.72,14410.13,0.47
0,X,E,34.16,16.9,15.82,23.63,2,17,1,4,32,6,7,117,38,男,男,否,11454.62,16227.63,0.54
0,X,C,31.09,21.43,8.9,16.29,0,7,6,1,34,8,1,109,42,女,女,是,27311.16,16467.87,0.41
0,X,A,11.03,10.84,4.34,49.37,1,2,3,20,19,7,3,111,20,女,女,是,11879.73,16399.59,0.09
0,Z,D,34.24,24.64,6.6,15.98,11,0,8,14,14,15,4,17,29,男,男,否,15024.35,15122.69,0.45
1,X,E,37.24,0.97,39.23,11.78,15,0,10,17,41,3,1,137,25,女,女,是,25030.15,16681.28,0.3
0,X,B,6.59,11.58,43.95,16.41,11,16,3,4,33,5,15,100,20,女,女,是,11571.55,11765.25,0.52
0,Y,A,27.09,12.9,29.3,14.12,14,18,2,2,40,1,4,55,45,男,男,否,12592.69,11108.99,0.46
1,Y,C,33.93,12.09,43.82,44.49,7,10,1,9,13,17,6,59,22,女,女,否,11834.95,16717.97,0.93
0,Z,E,4.02,24.23,7.63,20.66,14,19,10,16,4,2,14,59,27,女,女,否,25661.27,10718.67,0.64
0,X,E,7.63,2,26.98,49.63,8,8,4,16,33,1,4,100,48,女,女,是,19344.8,19031.21,0.93
1,Y,D,22.76,23.59,39.52,22.27,14,0,3,5,29,11,13,34,22,女,女,是,26414.81,11466.51,0.22
0,Y,E,4.15,38.64,23.6,11.64,7,1,6,2,25,9,9,26,43,男,男,否,13045.3,14085.62,0.83
1,X,E,23.05,25.04,33.38,31.77,12,13,2,8,5,10,7,93,48,男,男,否,23049.56,13360.05,0.49
1,Z,D,12.24,6,30.26,25.21,13,8,5,11,2,10,2,122,29,男,男,否,13685.33,17535.35,0.26
1,Z,E,29.26,2.42,5.81,36.91,2,8,3,10,4,1,11,46,41,女,女,否,24749.37,18809.76,0.69
1,Y,A,0.8,30.25,41.65,27.62,9,18,1,7,43,0,3,33,29,男,男,是,18489.86,16135.3,0.53
1,X,E,6.32,17.19,12.81,33.69,1,10,6,20,38,15,8,127,48,女,女,否,29509.31,11537.85,0.55
0,X,C,11.77,9.83,14.32,28.85,11,20,8,10,20,14,10,70,20,女,女,是,13003.08,10682.91,0.34
1,Z,B,23.83,34.02,3.95,22.43,6,14,7,17,0,6,5,47,22,女,女,否,18203.49,13446.39,0.82
1,X,A,0.91,14.03,42.65,47.69,7,18,0,10,33,2,4,55,38,女,女,否,10448.76,14869.51,0.81
0,Y,A,31.33,27.11,7.66,45.77,10,18,9,17,28,7,4,52,25,男,男,否,11083.22,13369.8,0.17
1,Z,B,16.85,15.98,49.34,34.64,4,9,3,4,30,1,4,52,28,男,男,否,13183.74,15440.69,0.92
1,X,C,21.52,25.26,18.13,42.92,12,5,4,17,49,5,15,71,39,女,女,否,11074.01,14605.95,0.24
0,X,E,18.5,28.32,32.02,42.36,1,8,8,16,25,6,12,144,43,女,女,否,28317.47,18510.93,0.77
1,Z,E,14.81,3.69,22.17,24.14,13,10,10,11,40,11,2,5,37,女,女,是,12774.12,13694,0.42
0,Y,B,11.21,30.21,32.92,38.78,8,3,10,11,45,6,10,101,37,女,女,是,25584.6,17454.07,0.21
1,Y,D,5.7,26.45,12.73,31.21,1,9,1,18,14,1,3,98,23,女,女,否,18548.39,12931.17,0.48
0,X,A,11.31,0.81,21.77,30.1,15,15,1,10,36,6,12,33,26,男,男,否,16226.29,14389.09,0.88
1,X,C,21.78,27.98,27.79,12.78,1,1,3,6,25,17,11,130,40,女,女,否,23339.53,13035.07,0.19
0,Y,D,11.56,37.48,15.21,43.83,1,6,10,14,5,5,8,131,26,女,女,是,17606.45,13768.09,0.69
1,Z,C,30.8,0.62,11.09,33.82,14,11,2,0,5,17,3,44,37,女,女,是,20589.42,16879.94,0.45
0,X,A,30.78,23.01,0.92,42.71,4,3,5,7,11,7,1,125,20,女,女,否,29843.46,19280.02,0.27
1,Z,A,26.98,38.24,31.97,24.26,15,15,0,7,2,16,8,137,46,女,女,是,27425.72,18846.8,0.28
1,Y,A,36.42,11.12,43.57,18.54,9,13,3,16,34,20,2,33,30,男,男,否,12701.28,10193.94,0.18
0,Y,B,25.16,4.2,48.92,27.98,0,18,7,5,5,13,14,86,31,男,男,是,11560.07,17712.18,0.41
1,Y,C,24.16,33.35,40.16,42.66,5,2,5,17,25,5,0,7,28,女,女,是,21717.9,16452.42,0.84
1,Y,A,25.71,27.47,49.51,17.13,10,15,8,7,0,6,11,116,46,男,男,否,28072.55,14330.25,0.55
0,Y,E,0.97,11.17,11.44,39.09,13,20,3,8,15,6,15,96,45,男,男,是,15822.79,11137.36,0.66
0,X,C,19.33,2.94,35.17,11.97,2,16,9,13,17,9,5,35,35,女,女,是,24084.92,15782.28,0.76
0,X,C,5.86,27.1,37.04,38.51,11,18,5,8,15,6,11,88,35,女,女,否,20918.14,11942.1,0.77
0,X,D,19.88,5.81,20.25,17.28,2,16,5,11,46,6,1,144,20,女,女,否,23668.32,13755.26,0.58
0,X,C,10.72,26.21,49.66,39.86,14,8,3,4,38,4,4,145,38,女,女,是,11480.84,16388.95,0.77
0,Z,E,8.17,34.15,32.59,43.21,1,1,6,16,20,12,5,123,21,男,男,否,14574.36,10180.77,0.13
0,Y,E,19.92,35.62,2.02,48.26,7,7,6,8,29,19,0,84,47,男,男,否,26484.84,15475.93,0.4
1,Y,E,34.42,32.64,5.41,27.84,4,15,4,8,1,8,9,148,38,女,女,是,12299.58,19634.86,0.64
1,Y,D,9.94,29.41,0.14,47.33,13,8,4,5,14,7,12,88,33,男,男,否,29384.14,11484.06,0.53
0,Z,A,26.45,3.04,43.28,29.33,0,15,9,5,20,5,0,115,26,男,男,是,27942.34,15230.11,0.91
1,Z,A,10.18,1.42,47.91,33.98,14,15,10,1,16,9,10,125,41,女,女,是,29656.05,17531.52,0.03
0,Z,A,0.05,32.61,46.72,37.36,9,0,10,18,16,11,6,52,46,男,男,否,26262.83,17616.16,0.18
0,Z,B,34.04,10.19,6.4,10.08,4,12,2,9,31,18,14,99,41,女,女,是,17534.36,12068.02,0.7
0,Y,D,26.21,14.8,13.35,27.96,2,10,6,17,47,7,0,78,49,女,女,否,29380.16,12285.39,0.08
1,X,B,14,37.16,0.74,31.73,7,10,6,19,12,6,6,76,44,女,女,是,29979.87,16979.9,0.25
1,Y,C,7.89,1.01,37.08,18.59,12,20,8,10,30,10,13,52,26,女,女,否,25757.27,13789.15,0.97
0,Z,B,16.86,15.65,16.09,20.32,11,12,0,0,23,4,0,37,21,男,男,否,28032.66,15376.19,0.45
1,X,E,8.05,6.92,41.62,24.77,15,11,3,16,1,1,14,108,27,男,男,否,14020.85,12599.9,0.75
0,Y,D,2.96,7.98,2.12,14.84,0,1,9,15,0,18,5,131,21,男,男,是,29238.61,14134.45,0.46
0,Y,B,8.54,33.54,0.84,48.52,13,17,0,20,31,10,8,116,41,女,女,否,25491.39,10196.85,0.71
1,X,B,10.45,24.77,27.57,10.39,4,15,8,5,46,4,10,15,40,女,女,是,29625.77,15635.22,0.78
0,Z,A,9.3,39.19,12.83,31.55,10,20,3,0,2,15,13,62,24,女,女,是,26944.62,16264,0.85
0,Y,B,15.92,6.31,48.25,38.32,14,3,6,15,46,12,11,58,24,女,女,是,28647.56,18004.89,0.22
1,Z,C,13.47,16.34,5.24,41.76,2,19,10,4,34,5,13,79,45,女,女,是,10867.37,17626.17,0.71
0,Y,D,7.7,4.61,44.48,39.79,15,10,3,10,39,14,5,55,32,男,男,否,24391.43,14710.21,0.15
1,Z,E,14.95,18,34.43,42.83,9,18,10,1,4,0,5,142,46,男,男,否,23002.54,17198.99,0.36
1,Z,A,0.85,8.44,48.7,41.06,9,10,9,20,43,10,5,43,45,女,女,否,19702.18,19099.95,0.09
0,Z,A,6.48,28.38,1.85,15.76,4,2,2,11,22,4,13,46,41,女,女,是,22143.6,16282.99,0.13
1,Z,C,14.96,3.08,16.57,31.94,9,17,0,7,0,1,10,90,48,男,男,否,11893.26,19762.27,0.21
0,X,A,0.1,18.35,8.8,31.4,6,3,5,16,33,11,3,57,39,男,男,是,22538.4,12064.78,0.24
1,X,D,24.06,12.31,6.41,42.57,13,15,9,8,16,0,13,40,34,女,女,是,22354.4,18952.17,0.51
1,Y,D,9.02,16.36,25.41,44.56,4,7,4,11,6,15,7,144,33,男,男,是,27171.87,10726.84,0.91
1,Z,E,6.3,27.63,26.95,49.31,2,14,2,2,24,18,13,63,34,男,男,是,28448.21,18246,0.27
1,Y,D,9.1,27.8,46.54,18.01,6,15,5,1,22,13,6,39,20,男,男,否,12287.09,12136.28,0.74
0,X,A,17.27,18.47,45.03,35.11,2,12,4,4,45,5,0,109,29,女,女,是,23847.24,14489.82,0.88
1,Z,D,34.02,26.58,24.59,44.06,7,10,5,13,6,20,9,17,44,男,男,否,28597.53,12983.4,0.75
0,Y,E,31.48,13.56,39.01,49.27,6,5,7,6,22,7,3,138,50,男,男,否,27224.14,12135.81,0.5
1,X,B,36.01,2.17,9.27,29.3,5,20,7,7,36,8,2,66,50,男,男,否,29861.65,12834.41,0.69
0,X,C,0.04,0.97,2.88,46.89,5,0,3,12,41,4,1,90,28,女,女,是,25935.79,11818.58,0.78
1,Y,C,5.78,34.41,47.45,42.45,6,18,4,12,44,15,2,61,20,女,女,是,11262.24,19119.11,0.29
1,Y,E,1.72,11.93,31.5,21.77,3,15,6,7,38,0,0,89,47,男,男,是,15594.97,16569.84,0.89
1,Y,C,4.57,34.47,37.63,30.32,8,6,3,1,2,9,12,103,46,男,男,是,19963.16,14144.35,0.7
0,Y,C,29.93,19.31,38.17,33.07,7,6,1,15,11,3,4,62,49,女,女,是,13503.98,13357.11,0.49
1,X,D,29.27,7.73,4.44,14.96,7,17,7,9,20,8,4,128,33,男,男,是,15354.15,12413.81,0.14
1,X,D,37.62,23.13,34.86,28.27,9,12,0,2,13,19,15,122,41,女,女,是,20637.1,18432.67,0.21
0,Y,A,12.44,38.94,23.43,24.43,8,0,0,14,41,17,0,111,30,男,男,是,20767.33,18315.04,0.32
0,Y,A,29.12,39.59,33.72,32.89,0,7,6,17,46,7,7,120,31,男,男,是,18964.88,18924.16,0.29
0,X,A,18.6,20.29,40.43,37.61,1,6,8,2,13,10,11,117,48,女,女,是,14434.62,15834.93,0.29
0,Z,D,18.81,36.21,9.47,29.27,1,12,9,18,25,3,11,150,32,女,女,否,21815.53,12309.95,0.85
1,Y,A,10.84,28.45,40.35,17.69,7,5,3,16,20,11,10,32,24,男,男,是,26292.05,18806.18,0.62
1,Z,C,37.04,19.49,2.86,28.84,3,11,7,0,34,3,15,97,35,男,男,否,19993.22,16685.92,0.92
1,X,E,30.14,19.1,22.15,25.77,8,3,0,2,34,14,10,103,48,男,男,否,19585.23,12719.33,0.1
1,X,C,36.99,28.34,38.8,15.38,7,1,5,6,18,0,3,122,29,男,男,否,29354.45,16075.67,0.33
0,Y,B,26.85,3.46,46.05,13.68,0,18,6,5,20,9,2,134,43,女,女,否,24576.86,18332.33,0.56
1,Z,E,5.48,6.57,18,10.4,9,3,8,14,28,14,2,1,30,男,男,是,16807.88,17634.69,0.12
1,X,E,29.99,20.53,1.46,19,12,4,10,1,49,9,13,86,25,男,男,否,21620.17,18118.64,0.29
1,Z,E,14.46,23.28,41.03,15.93,14,1,6,20,33,3,6,85,33,女,女,否,25352.42,10540.73,0.37
1,Z,B,3.22,6.69,49.3,28.98,1,10,7,20,41,13,12,146,23,男,男,否,15553.62,11848.4,0.6
1,Z,D,21.45,1.62,24.02,34.71,1,18,7,18,9,10,0,96,26,女,女,是,24982.21,13576.5,0.8
1,X,B,16.21,19.17,43.46,45.92,5,6,6,7,15,15,3,26,28,女,女,是,27721.48,16302.88,0.12
0,Z,B,14.37,32.36,47.9,30.95,6,12,1,19,24,4,6,1,28,男,男,否,27511.37,19743.51,0.2
1,Y,C,38.47,27.36,29.51,14.03,14,7,9,1,7,0,12,17,37,女,女,否,21136.78,16259.54,0.64
1,Y,D,11.01,35.42,29.9,27.07,13,12,7,8,26,16,5,117,32,男,男,否,24624.16,10296.84,0.47
0,X,D,31.73,1.99,11.05,29.3,1,18,0,6,26,1,1,85,47,女,女,是,28241.3,12983.46,0.85
0,Z,A,24.34,27.59,32.57,33.73,7,8,2,4,19,17,13,14,34,男,男,否,25682.68,16574.66,0.35
0,X,A,23.34,16.17,2.66,10.56,12,9,6,18,47,13,5,100,25,女,女,否,10489.07,10421.88,0.92
0,Z,D,36.23,27.71,48.86,35.71,6,20,10,0,16,18,14,84,33,女,女,是,23572.82,13457.24,0.28
1,X,A,14.84,8.49,4.4,42.45,7,4,4,16,39,12,13,9,36,女,女,否,19189.5,13823.89,0.96
1,X,C,36.49,4.27,13.23,42.71,7,19,8,14,48,6,2,86,26,男,男,否,17377.39,11086.95,0.26
1,Y,E,19.42,19.92,7.65,18.22,9,8,8,5,1,4,5,101,24,女,女,是,23141.35,12375.16,0.68
1,Z,B,29.2,6.57,22.72,18.09,2,15,3,0,30,18,6,27,24,女,女,是,27190.47,14900.77,0.94
1,Y,B,13.32,10.78,29.92,29.08,15,18,3,10,3,17,14,113,38,男,男,是,24492.39,14279.87,0.14
1,X,B,3.02,6.96,49.89,36.69,13,19,9,1,50,5,7,23,43,女,女,是,24094.23,12363.26,0.52
0,X,B,26.52,25.72,28.05,27.28,9,1,2,2,23,6,4,141,20,男,男,是,12882.13,13384.69,0.15
0,Z,A,30.04,5.13,7.48,39.18,10,9,1,3,5,6,3,88,45,女,女,是,17534.52,12165.26,0.66
0,X,E,28.16,10.19,2.65,40.9,12,12,7,0,4,14,6,113,37,女,女,否,22095.88,19154.08,0.38
1,X,E,0.35,18.28,18.89,18.17,7,5,5,16,17,15,9,105,44,男,男,是,14830.7,16308.85,0.33
0,X,D,11.73,15.42,9.87,15.88,4,12,0,3,41,17,0,5,42,男,男,是,28974.63,16441.9,0.3
0,Z,E,24.41,5.19,43.12,16.94,12,9,0,19,29,11,4,70,21,女,女,是,13634.33,18509.75,0.87
1,Y,D,10,20.2,31.85,36.39,4,12,4,11,47,6,13,116,38,女,女,是,11442.71,15999.05,0.97
0,X,E,32.36,14.19,27.38,45.07,5,14,3,0,2,2,2,75,48,男,男,否,13696.85,13885.93,0.88
0,X,E,1.71,35.68,49.03,45.76,0,18,2,17,3,20,10,140,22,女,女,否,21465.87,15689.52,0.87
1,X,C,29.02,15.34,2.65,21.74,4,18,8,15,19,8,13,126,43,男,男,否,23987.3,13264.09,0.15
0,Z,D,14.18,4.66,43.14,44.8,15,1,2,12,43,7,5,100,26,男,男,是,15448.23,17210.13,0.87
0,X,D,33.09,22.3,24.4,34.11,1,1,7,20,8,11,6,142,41,女,女,否,26448.28,15696.11,0.94
1,X,E,13.19,7.93,13.44,33.75,5,1,3,12,41,15,5,144,32,女,女,是,10490.62,14924.79,0.2
1,Y,E,38.28,25.16,43.22,39.36,9,20,2,10,30,15,10,73,36,男,男,是,26343.5,10167.57,0.4
0,Y,A,28.27,32.45,7.48,10.79,8,15,10,16,4,9,2,88,32,女,女,否,13672.14,17202.93,0.33
1,Y,C,1.59,37.11,9.75,41.93,9,20,10,13,42,19,15,124,35,男,男,是,20144.27,18530.38,0.5
1,Y,B,23.26,38.59,13.93,14.51,11,19,0,15,23,19,6,33,22,女,女,是,26210.69,14678.66,0.69
0,X,B,32.37,3.39,31.51,23.58,15,17,0,13,7,20,11,75,25,女,女,是,19585.38,14495.16,0.08
0,Y,A,27.47,32.33,32.66,29.51,3,18,8,6,25,17,15,32,31,男,男,是,22417.33,13357.17,0.3
1,Z,E,37.82,31.88,13.56,27.67,8,18,2,15,1,5,3,109,41,女,女,是,16210.05,11456.11,0.28
0,Z,E,23.3,32.47,30.29,17.53,8,3,1,10,6,18,5,109,25,女,女,否,28023.97,12654.73,0.41
0,X,E,15.61,33.29,45.4,43.02,4,3,0,10,44,0,14,96,32,男,男,否,13727.04,10808.01,0.68
0,Y,A,4.24,2.9,16.64,39.01,12,0,9,11,31,9,11,31,38,男,男,是,10318.22,14367.64,0.15
0,X,B,27.9,27.64,17.3,22.53,6,14,2,4,23,12,7,144,36,女,女,是,10886.04,18871.46,0.71
1,X,D,0.87,15.84,49.7,24.43,4,12,2,9,28,6,4,67,45,女,女,是,12843.58,16964.1,0.59
0,X,E,23.16,2.58,44.1,13.33,9,16,0,20,28,15,3,141,34,女,女,否,25642.49,17182.28,0.27
1,X,B,5.09,30.31,29.62,23.48,4,9,6,12,29,8,12,139,21,男,男,是,23079.81,10843.42,0.3
0,Z,D,11.19,5.31,18.24,17.95,5,3,5,9,16,0,10,33,47,男,男,否,27505.12,16746.53,0.36
1,X,E,6.52,25.5,8.71,26.12,7,6,9,14,20,20,6,147,43,男,男,否,20050.71,17348.91,0.95
0,Y,A,20.38,0.04,49.68,15.62,2,6,2,6,34,17,0,142,46,女,女,是,19478.94,14594.38,0.65
0,X,D,35.94,8.39,46.36,28.69,6,10,2,13,42,15,13,19,33,女,女,是,28263.86,10617.51,0.02
0,X,B,17.11,30.37,4,15.36,0,16,5,14,5,8,13,50,30,男,男,否,24684.78,12372.49,0.91
0,Z,E,20.52,30.38,0.63,49.06,5,20,10,17,14,18,4,44,37,男,男,是,11967.35,12979.22,0.24
0,X,E,4.3,12.67,23.97,26.09,2,11,1,4,39,8,12,50,22,男,男,否,22147.17,16664.52,0.85
1,X,B,23.21,13.47,21.47,16.35,9,8,8,1,3,4,3,54,36,女,女,否,22542.61,18285.72,0.71
1,Z,A,28.02,32.21,46.62,19.51,13,16,9,3,48,14,7,69,47,女,女,否,29052.99,13313.71,0.97
1,Z,B,4.52,8.04,43.2,45.37,14,18,9,1,36,1,15,71,45,女,女,是,25360.2,13146.26,0.37
0,X,D,37.55,9.97,27.08,13.05,3,15,5,9,12,16,6,101,42,女,女,否,13833.68,13099.58,0.27
0,Z,B,0.6,5.19,49.76,14.28,15,9,10,6,31,14,15,146,45,男,男,是,15642.44,18613.5,0.09
0,Z,C,8.24,16.78,23.51,38.07,5,17,3,13,49,10,11,124,37,女,女,是,14045.21,13416.18,0.15
0,Z,D,34.05,31.3,25.21,45.61,1,14,4,19,13,17,3,15,40,女,女,是,28091.31,19031.75,0.11
1,Y,B,0.58,18.16,33.63,34.24,8,1,5,19,10,7,13,47,36,女,女,否,15295.25,14930.43,0.96
0,Y,E,34.6,24.31,31.68,13.96,11,2,8,13,8,20,3,81,32,女,女,否,16852.37,19812.79,0.24
0,X,E,24.22,21.52,15.97,17.07,13,19,2,1,17,14,11,10,49,女,女,否,15366.06,16096.48,0.84
0,Y,D,22.56,14.06,40.47,49.7,9,13,9,8,44,16,3,142,50,女,女,否,28874.73,15257.38,0.23
0,Z,B,28.98,20.95,45.12,30.87,14,8,8,19,31,6,14,14,35,女,女,是,16481.09,18334.8,0.65
1,Z,E,37.72,27.06,26.15,15.74,7,2,2,11,7,8,4,150,33,男,男,否,13444.78,19531.19,0.6
1,Z,B,32.57,23.34,33.35,40.99,11,1,4,13,0,6,6,97,20,男,男,否,29646.82,15253.14,0.8
1,Z,B,27.92,7.52,13.36,48.75,0,6,9,7,19,18,2,7,37,男,男,否,25858.73,14813.38,0.63
1,Z,C,34.4,15.74,8.65,25.77,8,12,7,17,14,12,5,26,50,男,男,是,13804.87,11204.51,0.65
1,Y,C,27.41,14.8,23.5,14.51,0,1,3,6,37,14,2,82,46,男,男,是,17383.24,15742.83,0.36
1,Y,C,26.75,19.99,2.79,40.2,10,0,1,5,7,4,9,53,24,男,男,否,23593.31,10280.33,0.71
1,Y,B,5.67,0.25,11.72,13.25,9,3,7,12,44,0,3,43,33,女,女,否,17327.68,17507.59,0.15
1,Z,E,38.99,12.6,27.81,28.38,0,18,8,18,38,11,9,79,34,男,男,是,24109.35,15324.65,0.91
1,Z,B,38.23,6.2,40.15,31.88,3,0,10,6,37,20,8,111,38,女,女,否,19787.82,19157.42,0.14
1,Y,D,20.1,5.82,18.34,49.22,6,9,2,5,35,6,8,128,30,女,女,否,28727.75,18653.14,0.34
0,Z,B,31.53,16.62,26.75,40.61,3,5,4,8,28,14,7,11,45,男,男,是,11397.76,10993.24,1
1,X,B,27.28,24.57,34.96,24.5,12,10,6,5,39,3,5,101,36,男,男,是,25281.47,11669.63,0.38
0,X,A,2.44,32.09,10.68,44.62,14,15,4,1,40,7,9,31,20,男,男,否,22361.03,19373.41,0.16
0,Y,A,28.11,38.53,21.89,18.27,3,15,0,5,45,20,12,20,38,女,女,是,14422.87,19724.99,0.76
1,Z,C,32.42,25.48,48.46,32.14,12,12,5,6,14,19,8,80,27,男,男,否,10498.14,16820.1,0.7
1,Z,C,24.89,10.68,19.58,43.49,13,15,6,15,42,19,3,107,48,女,女,是,19111.03,14112.32,0.97
0,Y,A,13.67,13.43,33.44,17.14,11,10,1,2,48,1,9,7,25,男,男,是,15198.21,15864.89,0.34
0,Y,D,8.25,21.41,6.32,35.47,5,13,6,5,45,11,9,70,25,女,女,是,20354.86,12573.72,0.45
0,Z,C,28.27,10.13,31.74,44.93,4,7,1,8,38,12,14,65,35,女,女,是,13529.43,19545.02,0.34
1,Y,D,34.2,5.16,7.71,49.1,7,2,6,16,7,17,13,23,31,男,男,是,11501.9,12068.64,0.07
0,Y,B,27.67,33.09,13.37,32.01,11,14,2,7,2,11,11,128,50,女,女,是,10270.94,19629.57,0.67
0,X,E,6.88,15.5,35.69,17.53,3,5,10,7,16,1,1,35,31,女,女,是,26371.92,13157.72,0.58
0,Z,D,7.59,21.55,0.01,40.16,5,19,8,6,8,10,13,109,43,女,女,是,29580.03,15395.74,0.94
1,Z,E,28.36,20.62,25.15,32.18,11,4,10,0,46,11,5,83,36,女,女,否,16839.25,19758.06,0.7
0,X,D,25.74,5.6,39.21,41.81,10,9,0,13,8,4,14,140,20,男,男,是,11433.61,11669.36,0.07
1,X,A,39.46,4.98,4.44,24.35,6,11,3,5,21,15,9,12,40,男,男,是,14344.09,18825.98,0.94
0,Y,B,32.45,30.69,4.54,10.09,3,18,0,2,39,12,2,25,44,女,女,是,22013.04,16876.41,0.6
0,X,C,31.84,20.16,42.88,38.83,13,12,5,20,15,8,13,5,50,男,男,是,12617.03,17972.65,0.37
1,Z,E,35.71,2.93,34.7,18.12,14,5,3,0,33,7,10,43,46,女,女,否,22912.32,17485.87,0.84
0,Y,E,14.24,6.19,15.47,25.58,5,0,8,20,42,4,2,145,34,男,男,是,29066.11,14832.1,0.63
1,Y,D,0.45,1.69,41.15,33.92,3,1,5,12,10,9,1,13,22,男,男,否,28259.77,18308.04,0.78
1,X,A,8.31,37.12,45.55,33.07,13,1,4,3,29,19,7,53,31,男,男,否,29208.83,17241.59,0.88
0,Y,E,35.99,28.97,10.42,29.1,7,8,5,19,13,12,9,16,20,女,女,是,17648.01,16647.76,0.51
1,Z,C,15.67,37.85,14.72,26.1,7,4,4,13,47,9,4,73,32,女,女,否,12328.98,14783.9,0.37
1,Y,E,34.31,35.44,4.76,47.5,9,1,1,18,40,9,2,45,27,男,男,否,12580.37,11530.16,0.87
0,Z,C,11.65,37.07,8.73,30.23,10,0,8,19,17,10,4,148,36,女,女,否,14607.25,11824.82,0.15
1,Y,E,28.59,19.68,41.48,23.8,10,8,3,2,34,8,7,84,35,女,女,否,21230.76,18618.91,0.41
0,Z,B,0.22,36.18,48.4,25.21,2,1,10,15,14,0,3,0,30,男,男,是,27242.5,19550.51,0.25
1,Y,E,2.99,33.65,13.47,28.46,11,9,7,0,11,13,13,37,49,女,女,是,14449.62,18128.69,0.18
0,Y,B,2.83,20.17,44.09,45.26,11,4,10,18,5,7,0,137,45,女,女,是,22374.2,18099.34,0.82
0,Y,C,26.3,10.15,28.92,35.02,9,6,4,6,33,2,3,148,35,男,男,否,21444.73,18271.6,0.65
0,Y,B,16.55,3.78,25.04,32.39,12,10,9,3,14,11,3,15,50,男,男,否,21352.67,12098.41,0.59
1,Y,B,8.22,28.93,0.18,16.13,3,19,8,4,47,6,10,52,38,男,男,是,10954.51,14859.3,0.39
1,Z,D,15.66,12.88,4.73,47.26,9,3,10,20,28,14,8,39,38,男,男,否,10134.28,13736.65,0.65
1,Z,B,12.11,14.39,3.73,27.9,1,2,5,16,7,15,15,117,20,男,男,否,14191.83,10460.28,0.51
1,X,B,14.39,30.67,15.3,37.82,5,1,5,13,24,1,5,5,22,男,男,否,18509.51,11396.96,0.67
0,X,A,8.33,4.5,48.64,48.08,14,11,10,19,31,4,11,131,27,女,女,否,18353.43,19384.28,0.36
1,Z,E,20.83,20.9,39.67,36.44,12,19,3,10,16,7,2,56,40,女,女,是,12627.12,15629.23,0.42
0,X,C,15.74,24.33,40.47,49.98,8,19,2,7,18,19,5,150,23,女,女,否,16692.64,18281.25,0.1
1,X,B,37.25,10.03,29.1,41.94,0,17,7,19,30,19,6,105,24,女,女,否,21054.39,12830.32,0.32
1,Y,A,3.43,16.18,22,42.85,13,13,0,3,44,9,11,121,45,男,男,是,28321.86,17270.43,0.12
0,X,B,36.93,8.18,15.62,37.4,1,17,1,16,41,17,3,113,46,男,男,否,11741.23,16282.95,0.86
0,Y,E,16.12,31.76,16.5,27.09,14,10,0,18,40,14,10,42,23,男,男,是,22583.96,18412.37,0.84
1,X,C,22.38,30.65,4.19,21.86,5,18,10,8,10,11,6,70,25,女,女,否,25733.66,19141.01,0.58
0,Y,A,15.19,31.57,44.19,13.96,14,1,4,13,20,5,11,32,44,男,男,否,25382.42,11258.87,0.7
1,Y,E,35.85,29.07,35.32,39.48,14,7,2,12,32,0,13,114,43,男,男,否,27854.33,15124.43,0.7
0,X,E,17.08,8.51,26.42,35.85,5,7,0,8,39,3,12,88,27,女,女,否,27709.13,12291.84,0.41
1,Z,E,18.63,8.49,36.97,16.48,9,1,4,10,0,10,7,103,30,女,女,否,19672.91,12071.38,0.22
0,Z,E,16.39,25.22,1.53,39.31,0,2,2,10,18,14,11,61,33,女,女,是,21381.13,19965.53,0.2
1,Y,C,16.26,9.98,43.81,28.97,13,16,1,7,32,1,4,0,38,男,男,是,12055.83,15546.52,0.37
0,Z,D,9.36,27.83,5.11,43.35,6,15,6,2,1,19,12,71,36,女,女,否,13543.85,12865.81,0.22
1,Y,D,22.36,26.7,44.55,35.46,10,17,0,7,41,10,11,71,36,女,女,否,18648.03,19400.91,0.36
1,Z,D,33.43,11.5,33.79,33.23,7,9,4,3,13,4,2,123,35,男,男,是,24360.73,14582.86,0.89
0,Z,C,28.66,18.25,30.37,46.74,12,17,2,1,24,15,11,29,43,男,男,否,14098.5,19398.15,0.44
0,Z,C,27.32,18.68,0.29,36.56,1,2,9,20,29,20,12,36,26,女,女,是,14216.77,19718.17,0.2
1,Y,A,28.12,30.17,44.47,10.39,2,17,4,8,2,12,6,133,22,女,女,否,14716.27,14354.16,0.66
0,Y,E,25.68,27.28,18.52,23.29,9,11,8,2,26,4,12,14,21,女,女,否,27761.2,12019.78,0.78
1,Z,E,36.03,31.42,28.39,11.93,8,17,5,8,25,8,15,77,50,男,男,是,18525.53,11693.29,0.59
0,X,C,14.48,23.97,11.9,25.69,0,16,1,20,20,19,5,37,26,男,男,否,12548.17,10180.14,0.11
0,X,B,36.71,33.37,22.32,18,4,17,0,20,41,3,13,64,36,男,男,否,12014.64,17703.78,0.48
0,X,E,27.53,38.96,42.31,45.58,12,18,7,16,27,16,7,143,37,男,男,是,10148.41,14987.59,0.4
1,X,C,15.46,30.01,7.31,25.34,14,4,8,18,41,9,7,5,39,男,男,是,21109.63,17456.45,0.65
1,X,B,7.87,1.5,41.91,32.95,13,17,2,1,4,4,14,113,33,女,女,是,10507.37,10678.22,0.29
1,X,C,22.71,32.47,16.53,25.76,4,12,1,19,33,16,5,146,43,男,男,否,24360.65,18071.27,0.62
0,Y,A,16.11,14.43,38.24,21.94,12,12,8,4,35,1,5,64,36,女,女,是,10715.88,14790.57,0.97
1,X,C,3.86,11.03,20.84,29.97,15,8,0,10,8,13,8,110,37,女,女,否,13293.9,14783.05,0.42
0,Z,B,18.75,10.86,6.45,44.52,4,14,2,2,0,2,13,55,28,女,女,是,21511.45,17577.01,1
0,Z,C,8.66,14.66,34.02,25.47,6,4,8,15,28,17,8,52,44,女,女,否,19346.91,12510.09,0.58
1,Z,C,10.75,27.35,34.91,21.6,14,17,8,18,5,1,9,75,29,男,男,是,16997.42,18086.78,0.78
0,X,E,16.71,4.62,1.98,14.25,9,5,8,9,42,17,13,57,37,男,男,否,13790.09,17939.47,0.86
0,X,A,3.12,21.84,3.27,21,13,17,5,18,48,10,0,85,30,女,女,否,10456.53,16314.63,0.6
1,X,B,32.42,36.34,6.08,47.93,10,3,4,2,18,10,5,105,43,女,女,否,29010.72,13996.41,0.15
1,X,E,16.98,30.21,29.77,13.75,5,16,6,17,18,12,10,138,26,女,女,否,14715.68,13789.22,0.08
0,X,D,2.98,13.54,35.4,27.72,4,8,1,19,7,11,10,35,49,女,女,是,16977.43,12380.37,0.55
1,Z,B,2.48,20.68,31.44,12.44,7,20,4,10,22,0,6,16,20,女,女,否,26306.41,17028.15,0.34
0,X,A,3.71,39.91,12.49,41.81,0,12,9,5,15,2,15,103,35,女,女,是,14213.87,11486.57,0.17
0,Y,B,28.64,37.58,21.26,18.34,15,4,7,1,11,8,6,37,31,女,女,是,26657.57,11645.74,0.18
0,X,A,13.77,17.23,20.91,44.77,1,10,4,16,35,15,10,87,30,男,男,否,16726.31,15521.82,0.18
0,Y,D,5.37,15.42,14.75,11.63,12,4,9,16,30,17,2,96,42,女,女,否,23361.94,13187.81,0.53
0,X,E,18.04,29.33,6.88,48.7,9,18,0,19,36,9,2,5,26,女,女,是,17987.3,10560.07,0.93
0,Y,C,28.87,0.5,26.13,24.01,14,10,6,2,47,15,6,52,36,男,男,否,27148.86,15504.12,0.17
1,Y,E,2.33,0.47,28.13,43.08,11,16,2,7,3,4,0,92,34,男,男,是,20290.81,15483.29,0.47
0,X,B,22.22,28.04,34.13,13.87,9,17,10,12,4,19,8,4,27,男,男,否,29185.51,13169.03,0.68
1,Z,C,22.68,9.61,24.36,45.99,3,6,10,15,7,4,15,64,37,男,男,是,26969.66,19710.3,0.31
1,X,E,29.21,13.06,35.91,29.54,2,20,0,10,24,6,15,145,40,男,男,否,29727.27,14800.91,0.86
0,X,B,4.8,33.94,42.78,29.4,11,19,10,0,11,0,12,83,49,女,女,否,22399.71,15385.53,0.19
0,Y,D,21.07,7.66,48.08,11.24,14,16,4,6,15,4,15,6,22,女,女,否,11737.18,10353.35,0.97
0,X,B,11.74,1.59,18.41,46.96,13,16,3,11,8,12,0,94,41,女,女,是,11086.87,12160.64,0.56
1,Z,D,13.21,16.87,7.43,42.63,4,2,0,3,19,11,1,138,34,男,男,是,19092.91,10361.28,0.44
0,X,E,39.65,33.86,7.29,43.16,6,0,0,16,24,7,14,19,38,女,女,否,28941.61,11325.81,0.64
1,Z,B,32.87,37.53,29.55,48.72,12,17,4,3,19,19,10,72,30,女,女,否,28226.28,15454.67,0.03
0,Y,C,33.58,7.32,36.5,34.51,7,12,7,20,6,16,6,14,49,女,女,是,29999.09,13175.57,0.06
0,X,B,30.95,10.86,9.17,43.53,11,0,10,8,12,17,10,51,20,女,女,否,10999.99,15551.22,0.23
0,X,C,39.35,5.03,14.31,31.71,11,6,4,9,38,0,1,34,42,女,女,是,18103.76,10960.74,0.39
1,X,C,21.38,39.88,43.4,44.03,7,12,6,10,23,13,12,120,29,男,男,否,24856.77,17406.83,0.99
1,Y,A,11.47,13.8,8.94,28.87,3,0,10,17,11,15,12,95,40,女,女,否,18455.85,12784.01,0.41
1,X,C,3.73,6.42,45.9,22.08,3,3,2,14,13,19,3,49,34,男,男,否,22393.45,17222.66,0.29
0,Z,A,13.52,34.86,26.32,36.11,8,1,2,2,40,9,4,28,24,女,女,是,27947.73,16486.67,0.9
1,X,C,32.16,35.25,6.54,14.61,0,13,3,12,27,12,5,101,31,女,女,是,14092.09,19461.53,0.58
0,Z,A,30.23,37.34,13.13,38.71,0,18,5,15,20,7,11,51,45,女,女,否,18633.53,13022.94,0.34
0,Y,B,9.21,10.31,4.28,17.39,10,18,8,1,46,17,4,12,26,女,女,否,26732.43,12188.18,0.85
1,Z,B,19.53,2.25,13.69,43.81,6,1,4,14,13,6,1,1,38,女,女,是,10496.11,17616.46,0.17
1,X,E,13.15,0.17,35.88,41.41,14,16,6,11,7,12,13,53,37,女,女,是,11274.42,17900.94,0.09
1,Z,C,28.49,37.66,43.63,47.96,2,7,0,9,48,2,14,65,47,女,女,否,12653.31,14864.67,0.91
1,Z,B,25.3,24.28,1.63,22.21,3,18,6,2,18,2,14,49,26,男,男,是,11402.87,12454.29,0.86
1,Y,B,18.59,15.47,36.34,19.92,0,13,0,7,11,5,6,143,43,女,女,是,24024.17,18186.23,0.08
1,X,D,11.79,15.38,41.33,18.71,14,11,4,13,31,9,9,40,49,男,男,是,13699.45,17797.85,0.08
1,X,D,17.03,13.04,11.63,39.5,8,11,9,12,27,11,3,130,28,男,男,否,13986.11,15702.43,0.24
0,X,D,28.07,7.96,40.97,15.44,5,16,1,17,26,11,8,63,44,男,男,否,26072.17,13731.31,0.23
0,Y,A,34.03,3.85,32.33,24.64,0,5,9,18,10,19,1,87,42,女,女,否,21873.77,15172.8,0.92
0,X,D,31.76,36.34,30.86,17.29,12,19,0,10,43,2,6,124,32,男,男,否,22232.09,13681.51,0.19
1,Z,E,12.31,5.57,41.82,19.91,5,8,1,10,21,5,2,45,38,女,女,是,12451.25,18393.16,0.7
1,X,B,26.69,33.14,15.68,24.36,13,20,10,5,41,2,2,121,35,女,女,是,21440.14,16102.95,0.36
0,Y,D,8.36,22.46,36.65,28.6,9,16,9,13,37,3,4,29,50,男,男,是,14524.68,16136.66,0.52
1,Y,D,2.08,29.83,21.08,47.67,1,1,0,8,30,1,3,106,40,男,男,否,15364.53,19776.54,0.18
0,Z,D,39.82,24.04,26.37,38.73,1,8,9,11,26,10,6,10,38,男,男,否,19276.93,13965.44,0.23
1,Y,E,37.65,13.17,23.86,44.14,15,14,4,9,17,9,5,91,20,男,男,是,10841.83,12033.95,0.35
0,Z,B,4.32,33.63,32.75,13.45,10,0,1,6,6,13,12,133,40,男,男,是,13703.97,16238.24,0.39
1,X,A,7.28,20.53,3.79,42.28,3,5,3,19,47,13,12,1,25,女,女,否,10583.37,10002.49,0.92
0,Y,D,2.92,26.4,0.42,41.39,0,1,0,16,30,10,1,146,25,女,女,是,22325.39,18300.68,0.98
1,X,C,20.31,35.33,37.78,40.07,3,20,2,8,28,11,10,13,33,女,女,否,24463.49,11722.44,0.4
0,Z,E,1.25,6.21,49.62,48.48,6,14,6,20,0,7,5,96,34,男,男,是,18111.27,12752.7,0.44
0,Y,D,21.42,23.16,22.64,44.82,10,9,8,6,38,1,6,137,38,男,男,否,19087.74,18854.34,0.97
0,Y,E,16.62,4.66,9.97,45.5,15,2,9,2,35,17,2,53,48,女,女,否,27213.68,18508.4,0.4
1,Z,B,33.35,9.19,47.64,14.97,14,16,7,4,28,10,2,139,40,女,女,否,26073.24,11354.72,0.94
1,X,A,36.63,20.6,0.27,46.57,8,3,8,5,7,13,13,66,37,女,女,是,22182.09,11087.7,0.33
0,Z,E,2.26,2.81,26.06,26.45,3,7,0,19,32,6,7,141,23,女,女,是,23475.17,12507.77,0.84
1,X,E,12.84,23.45,0.04,31.01,15,1,3,15,36,6,7,120,41,男,男,否,28886.8,18809.06,0.43
1,Y,C,12.29,6.26,29.55,32.59,2,17,5,2,19,14,7,44,39,女,女,是,22573.37,18089.85,0.45
1,Z,A,2.45,25.32,46.01,41.48,0,7,4,7,22,15,7,49,31,女,女,否,20881.61,14971.04,0.12
1,Y,D,14.27,6.02,46.88,38.9,15,17,7,18,7,7,14,106,35,女,女,是,13578.39,18014.48,0.58
1,Z,E,35.86,26.41,23.58,32.57,14,20,3,16,2,11,9,40,40,男,男,是,11036.22,17001.26,0.69
1,Y,B,35.24,30.95,28.42,38.45,6,12,4,17,38,15,9,66,42,男,男,是,18567.01,19667.34,0.87
0,Y,A,34.44,19.57,0.6,16.99,15,18,4,15,27,10,8,133,34,女,女,是,15136.53,14291.45,0.03
0,Y,B,32.74,2.5,36.15,12.2,0,7,9,4,0,7,11,106,43,女,女,否,27875.97,16611.8,0.95
1,Z,D,4.29,24.19,44.39,38.78,1,9,6,5,45,2,2,9,28,男,男,是,20773.46,17772.63,0.33
0,Z,A,18.26,7.6,43.81,28.45,6,1,1,5,9,18,1,7,38,女,女,是,23433.33,10759.71,0.62
0,X,A,12.63,4.52,35.88,17.99,6,2,10,5,40,9,5,86,24,女,女,是,28227.68,16833.59,0.88
1,Z,E,27.68,22.92,44.41,36.56,5,3,5,4,30,14,8,93,45,男,男,否,13921.81,16122.66,0.19
1,Y,B,24.67,13.71,7.54,49.65,6,17,1,13,2,10,2,46,30,女,女,是,13507.43,14322.59,0.77
1,Y,B,6.36,30.74,14.39,36.05,15,9,6,2,12,18,7,24,21,男,男,是,13610.88,16536.69,0
0,X,E,22.88,7.11,1.66,49.41,11,6,10,2,21,17,5,60,35,男,男,是,21103.57,16606.88,0.06
1,Y,D,11.99,12.65,6.04,40.63,0,20,3,18,10,20,4,8,46,男,男,否,14246.38,10290.81,0.44
1,Z,C,29.91,33.44,48.34,13.62,12,6,9,13,27,6,4,81,42,女,女,是,18754.72,19127.94,0.65
0,Y,C,21.36,27.11,11.33,13.9,14,1,4,17,3,12,1,135,22,男,男,否,24691.11,11134.29,0.41
1,Z,B,1.91,21.45,22.91,46.29,6,6,5,2,46,18,5,37,50,男,男,否,27268.64,16580.35,0.29
1,Z,C,25.98,5.44,14.85,23.33,11,14,2,18,49,2,10,97,20,男,男,是,28303.96,11405.84,0.84
0,Y,B,6.57,31.47,16.96,24.25,11,17,2,0,42,20,13,17,42,女,女,否,24898.01,19213.67,0.85
0,X,A,3.94,0.89,44.94,19.68,4,9,8,19,25,8,15,37,46,女,女,是,13507.53,10164.72,0.09
0,X,D,1.72,21.66,28.26,14.62,7,4,8,18,13,9,7,84,26,女,女,是,20959.06,19206.49,0.14
1,X,A,5.07,10.51,26.28,40.11,15,12,5,16,12,14,7,150,25,女,女,否,18740.52,14478.89,0.42
1,Y,C,20.67,27.11,2.02,18.18,4,14,9,10,39,18,4,7,49,女,女,否,20321.07,12719.34,0.83
0,X,E,33.77,25.17,23.12,16.48,0,9,9,13,26,0,5,138,20,女,女,是,13484.51,16882.13,0.23
1,Z,E,5.46,27.02,38.1,36.45,15,2,5,11,43,9,2,27,48,男,男,是,10560.6,10199.9,0.82
0,Z,A,37.71,29.09,3.51,20.41,6,6,10,5,48,20,9,87,30,女,女,否,16090.56,16125.87,0.69
1,Y,E,21.02,15.96,9.12,44.02,4,5,0,13,34,1,5,51,38,女,女,否,22683.9,18768.35,0.77
1,Z,C,23.35,31.38,41.4,36.38,7,5,1,16,20,12,12,24,44,男,男,是,14760.82,15583.87,0.57
0,X,A,17.04,20.21,24.93,35.9,7,1,2,3,49,0,9,48,43,男,男,是,17157.79,17985.34,0.99
0,X,A,3.14,5.11,27.43,16.34,3,19,1,5,31,9,8,76,29,女,女,是,22909.76,18212.52,0.99
1,Z,A,13.25,6.96,2.16,42.33,12,0,9,4,9,1,15,49,26,男,男,否,15740.3,18851.98,0.46
1,X,A,23.52,18.08,29.61,34.98,2,11,1,7,11,20,1,77,33,女,女,是,21376.2,10931.15,0.19
0,X,C,7.93,2.47,9.13,27.01,11,9,10,15,20,8,8,113,42,女,女,是,22857.84,11396.72,0.1
1,Z,E,18.69,9.52,22.1,14.67,15,12,5,10,47,16,7,134,42,男,男,是,17723.85,14672.82,0.4
1,Y,D,17.3,3.31,18.37,43.05,12,19,1,12,1,8,7,75,20,男,男,否,24376.09,17783.41,0.02
1,X,C,18.45,6.58,36.22,18.44,12,8,1,16,33,6,0,132,43,女,女,是,19315.51,18431.93,0.35
1,Z,C,11.95,14.98,15.92,18.85,7,16,9,2,50,7,14,25,27,男,男,否,12484.36,19366.82,0.32
0,X,A,1.36,31.01,11.41,11.93,6,2,10,17,0,19,14,67,41,男,男,是,22206.83,19707.11,0.33
1,Y,A,7.17,17.7,12.17,39.67,7,9,0,0,19,17,0,82,39,女,女,是,27004.82,16077.52,0.6
0,Z,C,39.87,24.39,24.69,24.46,12,20,0,4,19,14,14,7,31,女,女,是,20444.49,19187.53,0.63
1,Z,C,6.12,12.77,24.03,12.11,2,6,6,15,10,6,5,35,33,男,男,否,16657.13,18934.4,0.55
1,X,A,25.21,37.38,49.97,43.28,6,17,2,6,43,20,7,5,31,女,女,否,17896.1,19313.51,0.61
0,Z,D,15.82,27.78,4.73,15.26,6,16,7,2,46,15,7,34,46,男,男,否,18826.61,14231.18,0.33
1,X,A,1.35,36.96,48.76,33.93,2,15,3,1,7,16,11,54,41,女,女,否,20689.05,11677.99,0.39
0,X,A,26.33,18.48,0.93,43.43,10,20,8,16,30,20,2,58,48,女,女,是,11274.71,14503.63,0.57
0,X,A,0.82,18.79,36.65,25.65,4,5,8,14,21,10,0,139,42,女,女,否,20552.28,19426.93,0.54
1,Y,D,6.93,2.07,15.93,24.29,6,15,3,17,13,2,11,2,47,女,女,是,23540.28,17294.46,0.43
1,Y,B,30.07,1.54,36.02,24.69,2,0,6,2,10,0,11,147,21,男,男,是,19792.62,19348.43,0.64
0,Z,B,31.55,20.97,4.09,46.07,7,10,1,12,2,17,1,96,22,男,男,是,26440.4,19595.38,0.84
0,Z,D,33.17,6.33,32.88,49.42,2,20,6,10,4,18,15,18,38,女,女,是,14490.03,16799.66,0.19
1,X,B,24.65,31.98,23.84,25.51,3,4,8,16,45,13,12,1,24,男,男,是,20160.65,10824.64,0.33
0,Z,D,14.55,3.75,45.38,25.81,9,8,0,5,50,17,11,79,48,女,女,是,15752.92,15340.98,0.47
0,X,C,39.18,3.95,47.87,40.4,5,9,7,8,24,12,8,52,43,男,男,是,26688,15740.53,0.54
0,Z,E,3.89,10.16,2.87,28.84,4,2,0,14,13,5,10,18,48,男,男,是,22610.75,16352.42,0.16
0,X,B,37.07,15.65,39.52,16.13,2,10,7,1,47,1,4,30,24,男,男,是,10053.41,19440.87,0.49
0,Y,D,34.55,38.66,24,24.42,4,13,10,16,47,1,1,86,36,女,女,否,21206.23,14770.62,0.61
0,Z,D,31.05,25.83,7.85,11.54,14,13,6,12,32,9,4,23,20,男,男,否,28681.67,14169.53,0.31
1,Y,C,3.76,28.83,23.18,48.97,3,1,2,11,6,6,15,117,26,女,女,是,29873.21,19057.2,0.38
0,Z,D,13.29,10.72,39.19,18.43,0,15,4,1,48,8,14,66,49,女,女,否,28232.47,10717.66,0.34
0,X,C,4.19,5.46,39.82,49.06,6,9,4,13,20,19,10,44,29,女,女,是,22921.13,16186.56,0.04
0,Z,E,2.47,7.98,37.42,36.9,10,18,10,5,38,3,1,9,33,女,女,是,12648.48,15140.08,0.41
1,X,D,34.8,10.64,2.48,25.87,0,18,2,11,41,7,5,33,21,男,男,是,29619.94,17107.67,0.19
1,Y,D,34.26,8.66,3.36,37.51,5,4,9,17,48,7,0,119,20,男,男,是,21318.59,16061.1,0.49
1,X,C,26.2,38.03,18.51,44.44,8,11,0,11,15,20,4,26,46,男,男,是,13030.86,17008.89,0.68
0,Z,D,11.69,32.73,34.22,31.87,1,19,3,13,5,6,4,89,45,男,男,否,18905.04,13533.62,0.85
0,X,E,8.67,27.8,25.22,20.9,11,17,1,10,44,15,8,92,25,男,男,是,20420.16,11839.41,0.78
1,Y,E,8.95,2.43,1.72,48.34,11,6,0,9,48,16,12,44,46,女,女,否,28068.93,12371.74,0.32
0,X,C,13.7,1.79,14.52,13.26,5,20,9,15,10,9,1,17,21,女,女,否,21833.21,11499.46,0.75
1,X,C,1.16,11,41.62,39.91,14,14,6,20,47,15,8,119,44,女,女,否,19603.9,19096.01,0.92
0,Y,D,34.32,22.48,3.36,14.64,0,4,1,12,32,19,9,89,49,男,男,否,12802.32,11406.67,0.33
1,Y,D,10.11,6.48,28.45,44.77,12,8,1,19,1,8,10,65,26,男,男,否,20030.15,13719.33,0.77
0,Y,B,10.31,9.72,14.16,26.03,0,0,9,1,25,0,15,68,44,男,男,是,16753.2,11569.76,0.44
0,Y,D,37.13,38.21,20.61,41.68,8,19,6,4,20,0,7,47,33,女,女,否,11810.56,18145.01,0.98
0,X,D,7.9,27.31,32.06,14.26,11,16,3,4,16,15,15,48,48,女,女,否,14955.14,13939.39,0.9
1,X,A,8.03,3.64,13.06,22.62,5,3,8,10,24,0,5,9,24,女,女,是,11687.87,19708.61,0.32
0,Z,A,20.24,37.06,24.64,35.95,2,10,3,9,34,5,2,26,37,男,男,否,23129.19,10721.17,0.92
0,Z,A,9.91,25.13,17.13,29.36,3,8,4,18,28,5,6,76,36,女,女,是,27912.87,10658.17,0.69
0,Z,C,21.92,31.05,27.04,28.26,2,5,3,17,20,8,13,72,41,女,女,否,18792.3,17142.34,0.37
1,X,B,2.46,14.03,24.32,11.31,14,3,5,6,38,1,12,131,48,男,男,是,19486.12,15750.14,0.08
1,X,C,26.37,2.77,33.12,36.94,10,14,6,12,31,9,4,120,32,女,女,否,18443.42,15728.64,0.8
1,Z,A,11.82,18.47,3.24,17.96,15,1,3,12,14,15,10,129,28,男,男,是,15570.12,19622.59,0.56
0,Z,B,35.49,29.95,47.65,11.43,10,6,10,5,39,18,6,129,24,男,男,否,23989.58,19680.26,0.68
0,Y,A,38.41,4.49,8.08,41.06,8,19,0,10,30,8,11,115,24,男,男,是,14967.34,13132.72,0.81
0,X,A,14.24,24.85,40.37,23.45,1,8,6,0,34,6,1,13,48,女,女,否,15831.39,18934.74,0.38
1,Y,B,39.01,8.66,20.28,29.05,5,10,0,2,36,16,2,71,20,女,女,否,19832.23,10129.29,0.59
0,X,C,5.62,9.83,4.47,21.78,3,0,10,19,32,5,2,82,34,男,男,是,20851.53,14603.03,0.98
0,Z,D,19.04,38.04,20.43,29.55,7,2,3,9,20,19,0,13,25,女,女,否,27071.55,11445.87,0.55
1,Y,C,4.62,4.99,12.67,35.36,14,2,6,10,36,19,8,149,42,女,女,否,18280.29,14734.46,0.85
1,Y,E,17.54,15.37,0.98,22.02,9,2,10,10,47,19,4,135,44,男,男,是,19113.48,11939.96,0.6
1,X,E,24.66,30.81,38.12,21.79,10,15,9,16,5,9,4,8,24,男,男,是,17427.76,16399.88,0.39
0,Z,C,21.48,0.67,33.67,27.49,14,7,1,19,4,18,14,143,50,男,男,是,10144.59,16976.98,0.43
1,Z,B,36.37,30.85,31.38,37.06,4,4,6,14,9,18,10,19,26,女,女,否,11033.69,19437.78,0.38
0,X,E,27.72,26.86,43.25,42.45,15,10,4,5,9,1,3,37,49,男,男,是,22193.89,11530.21,0.61
0,X,D,28,2.11,28.37,22.92,4,12,5,6,7,4,10,57,27,女,女,否,25485.04,10361.48,0.27
1,X,B,14.46,10.14,26.18,27.64,13,0,6,17,18,17,12,97,35,男,男,否,28688.78,17346.03,0.94
1,X,D,7.3,13.7,41.07,21.9,8,17,9,19,17,10,3,12,33,男,男,是,14898.5,11228.93,0.06
0,Z,D,0.46,14.04,11.49,15.22,7,4,0,11,43,14,1,73,50,女,女,是,20822.38,12039.42,0.59
0,Y,B,16.61,12.79,37.95,29.48,11,4,10,17,50,14,15,98,29,女,女,是,10349.31,18447.08,0.02
0,Y,C,37.97,2.29,15.88,19.14,4,4,5,20,17,16,1,84,38,女,女,否,13648.06,10052.71,0.67
1,Y,C,33.28,10.08,26.2,43.75,5,2,3,19,25,6,5,26,45,女,女,是,14632.44,19589.42,0.38
0,Y,E,1.69,33.79,11.56,14.8,0,7,6,2,8,16,9,148,27,女,女,是,23318.97,14128.04,0.97
1,Y,B,27.18,35.1,40.75,46.65,2,12,8,16,8,10,8,62,24,女,女,否,11057.15,15364.67,0.15
1,X,C,5.1,30.34,4.68,21.35,10,8,8,10,31,2,9,76,20,女,女,是,14773.51,11529.52,0.84
0,X,E,13.47,8.21,25.1,21.89,1,10,4,2,24,3,3,69,27,男,男,是,21478.9,10656.41,0.38
1,Y,C,10.04,24.17,40.41,32.38,2,16,10,9,15,13,13,54,50,女,女,是,10319.39,15595.28,0.61
0,Y,C,21.87,19.02,47.92,20.8,6,13,5,6,22,19,0,143,34,男,男,是,13851.74,10431.74,0.99
0,Y,E,36.47,30.63,11.38,33.1,3,13,5,13,18,20,2,94,36,女,女,否,24590.34,18623.04,0.73
0,X,C,27.47,35.5,9.25,31.65,11,4,8,16,0,5,13,147,25,女,女,否,25223.03,11434.74,0.98
0,Y,C,35.52,10.6,4.19,31.82,15,1,0,13,42,9,3,53,27,女,女,否,15886.69,10920.06,0.74
0,Y,B,27.74,21.94,9.83,43.79,3,5,0,20,13,0,5,51,49,女,女,否,18770.56,10087.53,0.92
1,Y,E,32.38,4.33,12.92,14.84,12,8,6,11,9,18,10,126,26,男,男,是,27268.73,16428.64,0.88
1,Z,D,21.62,21.36,22.31,14.83,14,13,2,1,25,17,15,75,50,男,男,是,26491.43,17093.43,0.33
0,Z,D,8.85,7.61,1.65,32.78,3,7,2,18,39,7,7,19,36,女,女,否,25797.4,14911.1,0.84
0,Y,B,0.51,38.44,36,16.23,2,13,3,0,30,13,0,141,33,女,女,否,12697.67,12422.23,0.48
1,Z,D,24.78,22.07,38.24,43.11,1,10,0,17,37,11,5,7,22,男,男,否,22454.87,14408.41,0.5
1,Y,B,35.85,21.65,41.34,14.27,0,6,2,20,32,4,12,58,27,女,女,否,18206.55,18221.09,0.55
0,X,D,6.78,11.26,5.09,35.96,2,17,6,14,17,1,15,120,47,女,女,是,11680.91,14355.33,0.45
0,Z,A,1.61,33.49,12.68,35.48,5,2,1,0,37,10,9,69,22,女,女,否,28667.76,15621.46,0.25
0,Z,C,11.56,22.85,29.78,30.09,6,5,8,4,13,17,14,70,43,女,女,否,14779.56,13613.6,0.64
1,Y,A,30.75,26.7,23.8,11.69,10,20,2,12,45,19,1,39,50,男,男,否,12374.5,18283.11,0.71
1,Z,D,24.29,8.86,26.57,28.71,6,3,9,16,31,3,3,14,39,女,女,是,15657.44,12058.62,0.76
0,Y,A,4.33,1.73,42.08,14.81,9,7,0,7,39,14,11,21,50,男,男,是,16614.84,13080.41,0.03
1,Z,C,34.32,36.98,15.12,48.12,5,15,2,7,27,15,6,71,44,女,女,否,16172.49,17295.84,0.24
0,Z,A,39.47,3.12,25.15,37.82,10,16,10,13,40,11,1,130,43,男,男,否,27161.88,14856.76,0.29
0,X,E,17.91,25.73,23.55,40.13,9,4,10,13,18,2,14,89,29,女,女,否,18686.14,13477.77,0.49
1,Y,E,3.36,16.76,42.15,26.7,15,5,4,10,25,8,5,108,35,女,女,否,27120.62,11377.98,0.1
1,Z,E,32.38,17.68,9.16,11.23,6,13,4,14,49,6,7,16,48,男,男,否,26524.96,12112.15,0.53
1,Y,B,18.9,15.05,32.31,13.34,2,16,9,9,43,8,15,92,37,男,男,是,10095.17,10013.66,0.78
1,Z,E,4.63,33.41,33.88,24.63,11,20,9,9,10,12,11,129,22,女,女,是,13143.44,18071.77,0.06
1,Y,D,28.28,22.23,47.59,18.41,6,3,4,15,11,15,6,103,21,男,男,是,15846.96,11515.33,0.51
0,X,E,29.21,31.74,18.48,32.88,12,11,5,3,41,2,2,77,32,女,女,是,26259.99,16613.98,0.68
1,Z,A,26.51,27.67,47.5,12.49,9,10,10,17,43,15,1,94,43,男,男,是,17227.26,15830.85,0.46
0,X,C,32.51,8.35,14.2,10.76,3,17,10,20,0,2,4,31,35,男,男,否,23480.65,17000.59,0.97
0,Z,B,4.07,25.78,45.38,13.61,14,10,5,16,11,17,15,47,42,女,女,否,22367.19,10864.1,0.13
1,Z,E,8.6,15.19,8.5,20.71,11,13,2,17,5,10,5,114,42,男,男,是,20870.29,12896.64,0.74
0,Y,B,4.38,28.57,24.98,26.52,14,6,5,1,18,12,5,51,43,男,男,否,23146.68,17043.37,0.73
0,X,D,8.54,29.79,42.96,16.46,4,9,10,1,5,9,9,59,29,女,女,是,14511.97,16357.02,0.01
0,X,A,34.32,15.36,12.39,25.57,4,6,3,19,48,6,9,113,44,女,女,否,20144.11,18846.52,0.06
0,Y,E,16.85,7.05,26.71,43.26,9,19,4,3,18,10,4,135,30,男,男,否,24628.78,17456.71,0.53
1,Z,B,15.93,11.98,5.17,42.68,3,19,3,5,4,2,1,150,30,女,女,是,10224.38,17490.32,0.86
0,Z,D,38.95,1.79,36.96,25.61,11,1,0,17,3,12,14,66,33,女,女,是,18402.33,17672.27,0.69
0,Y,B,39.69,12.69,24.41,29.74,7,9,5,6,35,0,10,73,36,女,女,是,13950.81,14824.61,0.78
1,X,A,38.15,35.38,14.93,25.85,3,17,4,0,27,6,7,104,37,女,女,否,12928.05,19080.73,0.93
0,Z,E,13.1,27.71,38.73,16.27,13,13,4,20,16,2,14,49,25,女,女,否,25002.45,15452.82,0.43
1,Y,D,37.58,22.36,3.78,31.35,11,11,1,5,9,13,1,150,46,男,男,是,14494.24,17675.06,0.42
1,Z,E,39.32,6.67,35.73,20.68,11,17,7,12,48,14,2,131,49,男,男,是,10171.84,16087.67,0.43
0,Z,C,7.19,15.04,13.49,41.69,15,1,2,11,37,12,6,54,29,女,女,是,26311.81,14876.7,0.9
1,Y,E,38.79,35.63,23.21,28.37,9,5,4,1,16,11,9,73,32,女,女,是,20458.82,13545.48,0.78
0,Y,E,34.81,6.14,24.03,40.82,7,1,3,17,20,7,14,114,32,女,女,否,23435.37,17148.13,0.27
0,Z,A,21.56,10.37,13.26,26.96,0,9,2,5,31,13,10,40,42,女,女,是,26352.51,17661.46,0.28
1,Y,D,16.13,37.87,24.76,37.51,6,20,2,0,34,10,11,117,44,女,女,否,18251.57,15840.97,0.96
1,Y,E,2.09,9.42,26.24,13.23,1,18,9,19,47,17,4,120,47,男,男,否,10705.85,14725.42,0.88
0,Y,E,27.51,15.01,19.82,39.17,1,9,7,14,27,15,6,79,26,女,女,否,17907.5,13639,0.56
0,Y,E,15.88,10.5,36.82,25.29,4,1,8,19,12,4,9,27,24,女,女,是,18912.85,11564.41,0.23
0,Y,D,28.49,28.08,18.84,26.61,3,13,4,13,21,20,11,147,33,女,女,是,23289.12,17777.04,0.06
0,X,A,39.82,23.39,20.78,14.78,11,15,10,14,8,17,9,45,33,男,男,是,14323.21,12672.98,0.93
0,X,A,3.72,1.39,33.15,34.19,0,10,1,5,37,6,5,69,44,女,女,是,12750.25,11563.22,0.54
0,Z,A,4.21,25.82,25.46,13.17,9,1,5,11,45,3,15,56,40,女,女,否,10661.47,14468.29,0.9
1,X,A,33.28,34.13,32.51,42.4,6,0,3,0,11,20,3,103,21,女,女,否,29093.41,17975.83,0.07
0,Z,D,27.94,23.96,8.74,48.75,3,5,7,11,7,7,10,34,44,男,男,否,21831.85,10236.04,0.1
0,Z,B,16.82,39.58,3.52,27.8,13,20,7,20,13,18,15,94,38,女,女,否,25966.99,14765.31,0.79
0,Z,B,27.06,38.66,12.66,38.73,11,7,8,17,17,14,0,116,30,女,女,否,18760.35,12339.67,0.02
0,X,C,11.55,0.07,11.1,48.23,6,18,7,10,1,15,3,140,20,女,女,是,13810.37,10433.42,0.7
1,X,B,30.97,36.66,45.12,12.51,7,12,2,9,7,5,9,67,27,女,女,否,12471.9,16457.33,0.81
1,Y,D,6.13,3.22,12.51,11.58,10,13,9,17,15,11,6,50,33,男,男,是,23151.44,13879.31,0.62
0,Z,D,27.91,10.61,1.7,21.82,10,9,9,7,42,3,8,119,32,男,男,是,16239.6,18988.93,0.47
0,Y,C,35.77,37.79,1.18,38.33,4,5,7,10,14,11,5,130,46,男,男,否,12082.89,14682.54,0.9
0,Y,C,9.27,3.58,43.94,45.88,4,3,0,10,10,2,13,48,29,男,男,否,10121.62,10634.18,0.47
1,X,B,24.11,38.91,1.38,46.12,12,17,0,19,12,2,12,81,26,男,男,是,24085.68,19071.08,0.82
0,X,A,36.14,28.85,28.89,46.13,12,10,6,2,6,5,11,17,20,女,女,否,29775.14,17971.05,0.63
0,X,B,30.73,23.91,30.98,36.57,4,12,9,3,2,5,1,136,44,男,男,是,23512.13,15853.94,0.9
1,X,E,28.41,31.95,32.93,41.08,15,14,6,6,41,3,4,26,47,男,男,是,23132.11,16386.41,0.96
1,X,A,36.24,39.59,41.75,42.5,1,2,6,6,8,11,6,102,25,男,男,否,25009.62,15570.16,0.05
0,X,C,34.6,27.56,27.89,12.22,7,0,8,11,30,5,5,57,26,男,男,是,18645.36,17412.5,0.32
0,Y,E,27.16,39.62,13.17,31.11,4,15,8,2,34,3,7,70,46,女,女,是,12615.62,18168.49,0.55
0,X,A,6.81,37.49,40.3,33.97,12,13,10,19,15,15,14,31,24,男,男,否,11552.72,10850.72,0.81
0,X,A,15.73,29.53,37.5,27.17,0,4,4,17,24,6,12,108,35,男,男,否,21356.9,15997.35,0.01
1,Z,A,29.41,11.48,49.72,44.83,13,3,9,11,38,8,8,90,25,女,女,否,18827.57,11111.43,0.27
0,Z,E,18.41,17.78,38.93,25.76,13,9,6,5,3,10,14,91,23,男,男,否,21897.39,19813.26,0.13
0,Z,A,26.95,9.52,25.81,23.28,4,20,5,6,23,2,0,54,29,女,女,是,21350.2,13270,0.56
0,Y,D,5.25,14.51,15.21,36.29,2,3,4,7,31,11,10,133,29,女,女,是,15154,13029.87,0.11
0,Y,B,10.26,19.53,6.36,15.74,12,8,2,1,2,14,14,74,48,男,男,是,23757.86,10387.34,0.62
0,Y,E,35.78,34.94,26.42,33.61,3,9,6,3,27,11,13,59,34,女,女,否,18049.34,18551.02,0.77
1,Z,E,3.72,18.49,21.89,24.33,4,13,8,10,49,1,7,92,35,女,女,是,21286.58,16494.01,0.69
0,Y,A,5.5,34.12,27.14,44.39,0,8,3,15,19,14,14,77,40,男,男,是,23472.77,12458.24,0.86
1,X,B,16.36,2.62,31.3,42.63,13,10,1,2,17,1,6,7,49,女,女,是,25664.71,11112.85,0.38
1,Y,A,18.38,1.74,44.39,10.94,15,0,5,5,6,14,7,97,33,男,男,是,23294.18,10551.8,0.83
0,X,A,25.96,18.77,41.11,22.33,1,16,9,16,28,3,11,122,48,男,男,否,14677.36,19248.3,0.26
1,X,C,39.83,26.58,11.83,40.61,7,5,3,5,6,1,13,20,24,女,女,是,16491.61,16309.42,0.9
0,Y,B,36.66,12.81,2.22,15.3,11,19,7,6,3,0,11,83,23,男,男,是,28462.14,12186.88,0.68
1,Z,B,35.27,16.64,47.96,32.89,4,15,4,16,16,4,1,17,20,女,女,是,17725.53,12463.74,1
1,Y,A,18.31,13.83,46.41,39.11,3,15,7,19,0,15,7,98,38,男,男,否,16562.71,13295.12,0.8
1,Z,A,39.26,17.51,6.38,19.29,7,17,6,12,10,4,2,2,36,男,男,是,29299.09,14642.95,0.09
1,Y,A,6.54,17.17,16.19,16.56,7,12,4,14,29,11,0,46,44,男,男,否,29892.22,14188.95,1
1,Y,B,14.82,15.25,28.98,43.43,14,18,0,7,19,6,9,45,32,男,男,否,12765.16,15241.13,0.91
1,Y,D,31.67,29.19,7.84,49.26,14,17,4,17,19,16,2,48,48,男,男,否,22495.68,16766.78,0.49
0,Z,D,16.99,18.05,42.86,21.39,12,0,3,5,42,12,6,15,38,女,女,否,18374.84,17656.94,0.2
0,Z,B,30.75,8.19,19.38,19.29,14,8,0,19,42,1,4,80,38,男,男,是,15998.6,10191.52,0.95
1,Y,C,30.49,2.09,24.48,21.58,13,6,7,1,39,4,4,120,45,女,女,是,10099.17,14991.16,0.61
0,Z,A,22.1,9.91,17.84,35.95,8,14,1,6,34,4,11,14,24,女,女,否,14604.55,18127.56,0.72
1,X,E,10.57,26.07,41.8,34.58,6,15,3,3,35,0,7,19,30,女,女,否,16063.92,17085.28,0.62
0,X,A,31.69,1.06,10.72,41.3,0,3,3,16,35,15,15,20,20,男,男,否,20867.23,16243.22,0.39
0,Z,A,2.19,25.91,48.04,24.92,2,8,1,5,25,13,10,121,32,女,女,是,16888.95,10025.3,0.34
1,X,D,13.59,37.15,30.83,45.72,3,14,6,1,19,12,14,3,21,男,男,否,17281.83,16640.19,0.38
1,Y,B,12.69,5.77,32.56,10.91,2,6,6,18,35,11,9,117,45,女,女,是,19080.95,10386.45,0.49
1,Z,C,16.07,27.12,4.86,41.22,1,9,1,16,23,9,3,150,34,男,男,是,15354.06,17931.84,0.29
0,Z,A,15.85,21.71,48.73,16.88,1,14,1,15,28,10,7,65,42,男,男,否,10840.91,15513.86,0.3
0,X,E,37.77,0.57,35.12,42.56,2,7,4,11,6,16,4,54,26,女,女,是,28315.71,14426.96,0.6
0,X,A,29.23,25.9,25.51,36.13,3,14,4,6,31,20,5,34,45,女,女,否,17770.11,14346.33,0.34
1,Z,A,7.82,1.11,18.12,26.89,3,11,1,4,21,7,4,112,23,男,男,否,24648.19,15397.72,0.37
1,Z,B,27.52,11.68,38.63,42.2,15,14,6,12,44,0,13,107,22,男,男,是,26413.31,10087.55,0.17
1,X,A,15.84,11.73,4.14,21.88,15,13,4,17,40,11,11,56,27,女,女,否,21640.95,16799.46,0.14
0,Z,C,16.71,16.35,11.47,14.41,11,0,2,8,43,3,14,5,38,女,女,否,25397.56,18738.73,0.41
0,Y,B,1.3,37.34,7.61,18.2,2,11,10,18,35,19,14,11,36,女,女,否,21075.28,13535.64,0.36
0,Z,B,14.66,26.67,4.27,45.1,15,10,4,3,18,11,15,60,25,女,女,是,26675.59,10987.31,0.73
1,Y,B,14.99,13.96,18.38,44.12,9,16,0,14,19,11,14,99,50,男,男,否,16317.23,11752.11,0.12
1,X,E,8.99,13.21,8.89,11.47,1,14,8,9,23,3,3,0,43,女,女,否,21352.9,18461.33,0.84
1,Y,A,19.01,32.42,6.14,17.25,7,19,2,13,44,11,4,23,37,女,女,否,13719.17,15901.39,0.1
0,Z,C,39.38,17.38,49.33,31.25,11,18,6,8,16,2,11,142,44,女,女,否,14293.17,17291.06,0.9
0,X,C,5,34.57,26.76,33.57,6,1,10,12,22,11,14,4,31,女,女,否,10979.92,12434.16,0.61
1,Z,E,3.47,36.92,46.82,41.97,1,18,4,18,35,2,12,39,44,男,男,否,24076.63,15276.4,0.85
1,X,A,0.13,5.55,31.12,12.81,5,13,1,9,39,14,5,69,46,男,男,是,28880.54,12965.43,0.99
0,Y,B,31.51,35,1.69,47.12,1,13,2,15,10,5,0,136,22,男,男,否,22842.49,10513.79,0.37
1,Y,C,32.28,16.73,0.76,45.29,13,17,5,11,40,17,10,92,37,女,女,否,25490.24,19144.13,0.56
0,Z,D,12.04,38.84,10.55,16.08,9,14,2,19,2,3,15,19,48,女,女,否,23804.65,13395.64,0.04
0,X,D,4.9,5.73,43.46,23.06,2,8,1,4,25,15,0,22,29,男,男,否,16073.31,14040.07,0.26
1,X,B,36.38,18.03,12.5,28.7,2,17,6,2,28,9,15,2,47,女,女,是,24117.43,12318.22,0.6
0,X,A,32.38,38.97,4.08,28.05,6,5,6,13,41,20,5,147,23,男,男,是,11685.4,14923.16,0.51
0,X,D,34.03,28.67,41.71,21.34,9,9,3,4,44,16,2,63,44,男,男,是,11461.78,17613.19,0.01
0,Z,C,28.32,36.38,39.48,37.07,9,6,7,19,10,11,6,95,34,男,男,否,22044.38,11188.05,0.21
1,X,D,19.08,4.15,40.56,20.47,9,4,0,10,28,19,11,60,42,女,女,否,18040.29,12612.44,0.51
1,Y,E,8.75,19.51,18.89,27.1,5,19,4,15,34,0,0,74,43,女,女,否,10585.54,14265.44,0.95
0,Z,B,18.46,0.85,38.91,39.05,1,16,2,0,40,4,3,43,23,女,女,是,28713.63,10512.99,0.36
1,X,E,27.6,21.37,3.75,49.66,5,10,7,19,49,17,14,109,38,男,男,是,29342.62,19126.33,0.87
1,X,E,24.98,36.1,33.89,33.63,13,7,7,0,21,7,0,136,33,女,女,否,11557.02,15123.77,0.23
1,Z,E,0.76,12.39,28.73,26.31,14,3,5,1,44,5,13,3,30,女,女,是,21587.06,12016.89,0.2
0,Y,B,1.06,38.98,5.95,25.12,12,16,7,4,12,5,12,80,26,男,男,否,22731.53,16154.17,0.49
1,Y,A,6.17,2.37,34.05,10.14,15,19,4,7,45,7,1,99,21,女,女,是,21995.18,17172.49,0.19
1,Y,B,23.53,34.69,28.32,27.3,3,8,2,5,26,0,7,83,50,女,女,否,20856.14,15976.23,0.38
0,X,E,22.37,32.28,23.78,33.35,6,6,4,8,6,11,13,71,20,女,女,是,12269.61,10331.85,0.29
1,Z,E,15.67,1.63,6.19,30.61,10,6,9,20,34,18,12,94,25,男,男,是,29528.02,17174.88,0.16
0,X,A,18.68,24.73,1.93,11.8,2,3,5,14,0,19,15,80,46,女,女,否,19371.28,12325.28,0.67
0,Z,E,38.25,36.04,31.24,23.18,11,14,1,20,39,6,9,92,49,女,女,否,27458.59,15823.93,0.38
1,Z,A,32.39,24.86,17.07,11.7,0,17,0,6,21,5,8,77,33,男,男,否,10216.6,10558.95,0.95
0,Y,A,3.67,20,46.45,35.61,8,4,1,6,42,19,2,141,33,男,男,是,24535.47,18417.81,0.97
1,X,E,15.74,9.49,31.43,14.46,7,10,10,12,17,15,13,103,31,女,女,否,22409.84,17818.58,0.65
0,X,B,39.41,32.26,23.65,24.15,3,14,10,12,37,20,12,73,29,女,女,是,14685.97,11445.32,0.45
0,Z,B,6.57,17.21,39.63,28.07,3,7,9,16,49,1,0,66,24,女,女,是,28236.96,18031.56,0.15
1,Z,B,0.05,26.83,7.83,43.16,11,1,0,15,28,9,9,44,46,男,男,是,15829.8,15399.97,0.47
1,X,C,29.67,35.17,18.53,40.34,15,18,7,14,46,14,0,21,28,女,女,是,19707.33,12043.07,0.49
1,Z,A,20.12,5.37,7.71,29.02,11,12,2,12,8,13,9,45,37,男,男,是,19221.75,15971.97,0.58
0,X,A,15.5,0.11,21.58,43.64,15,6,3,6,5,18,5,3,22,男,男,是,16897.92,10524.82,0.12
1,Z,D,20.42,34.1,1.55,30.05,13,12,8,3,19,19,14,34,29,男,男,否,24138.93,14392.13,0.46
0,Z,E,14.39,24.97,28.18,25.68,13,3,3,11,48,11,3,129,25,男,男,是,14496.07,18659.44,0.97
0,X,B,38.57,35.6,34.71,29.56,3,4,4,2,25,1,12,51,35,女,女,是,22755.78,10217.65,0.39
1,Z,C,16.03,14.68,10.46,41.43,8,4,8,4,31,0,13,128,24,男,男,是,29479.38,15273.64,0.81
0,Y,A,33.23,28.82,33.88,16.94,3,2,1,9,9,0,10,108,41,男,男,否,17360.37,15892.45,0.87
1,Z,E,11.78,33.82,15.42,17.04,11,19,5,10,37,14,2,54,25,女,女,是,25911.28,19432.8,0.65
0,Y,C,2.21,5.33,46.58,12.92,15,8,5,8,39,6,3,106,29,女,女,是,20110.26,11048.37,0.37
1,Y,D,32.02,20.13,32.7,46.78,4,11,6,2,35,6,0,115,50,女,女,是,22725.71,17428.98,0.61
1,Z,E,3.08,11.98,39.89,10.66,4,16,7,7,37,14,4,2,40,男,男,否,26588.73,12011.62,0.23
1,X,A,32.56,1.53,16.9,38.52,5,0,9,4,32,19,5,112,47,男,男,是,17399.57,15406.09,0.96
0,Y,B,38.66,28.12,26.46,47.71,7,1,8,3,10,7,14,13,45,男,男,是,23884.19,18946.5,0.12
1,Y,A,35.01,4.7,12.57,18.06,1,0,10,12,47,16,3,88,45,男,男,否,19590.93,16983.84,0.69
1,Y,E,18.55,30.79,5.84,25.45,2,16,2,3,17,20,10,99,50,女,女,是,28422.63,15870.74,0.49
0,Z,C,31.67,12.41,20.22,19.7,11,2,2,11,25,9,10,41,33,女,女,是,18753.56,10347.71,0.72
1,Y,D,39.24,5.54,28.2,15.71,2,5,7,10,15,11,12,134,38,女,女,否,16471.53,15864.37,0.88
1,Y,C,13.05,37.22,26.08,35.12,5,19,3,10,11,1,10,101,48,女,女,否,15266.17,13904.97,0.56
0,Y,E,11.95,39.46,15.19,32.06,0,10,7,10,16,14,13,90,34,男,男,是,27857.75,12008.29,0.04
0,X,C,30.93,9.84,5.11,25.6,10,10,7,13,11,8,7,86,32,女,女,否,11669.68,12630.8,0.76
1,X,E,27.52,26.01,1.77,31.82,5,13,9,11,10,4,12,76,25,女,女,是,18648.87,15150.2,0.11
0,Z,B,31.92,28.46,35.32,36.89,12,18,1,17,36,16,7,97,33,男,男,否,14176.41,12075.41,0.2
1,Z,C,15.2,11.39,44.42,13.68,5,3,10,19,32,4,12,150,29,男,男,是,11217.6,13762.68,0.4
1,Z,E,29.37,16.86,29.32,38.49,2,7,7,5,26,6,5,35,35,女,女,是,28569.59,19820.31,0.22
1,Z,A,29.55,1.6,8.98,31.16,13,18,0,10,30,14,5,135,29,男,男,是,18049.67,18968,0.89
0,X,D,31.28,13.91,26.22,45.87,12,6,6,15,33,0,9,61,31,女,女,否,25525.47,18278.66,0.73
1,Y,E,12.85,38.15,10.35,38.34,3,4,7,3,25,8,15,11,39,女,女,是,10166.54,15587.65,0.83
1,X,B,2.2,28.44,24.9,28.75,3,15,3,9,43,16,8,133,26,男,男,是,11962.18,19076.61,0.21
1,Z,E,5.11,16.7,3.11,45.17,7,11,7,4,6,6,1,41,46,男,男,否,22374.37,11625.1,0.8
0,X,A,12.58,18.42,13.79,30.46,1,12,2,19,43,3,0,144,46,男,男,是,18867.92,18355.12,0.35
0,Y,C,37.26,16.24,26.9,12.89,3,10,6,7,22,11,10,83,32,男,男,否,28782.49,12321.63,0.25
0,Z,D,18.53,16.7,37.41,43.31,11,1,8,3,12,18,3,80,33,男,男,是,29337.65,18466.2,0
1,X,D,0.19,12.96,49.92,20.8,6,20,10,10,50,2,14,89,39,女,女,否,27221.41,19103.96,0.23
0,Z,A,21.43,11.74,2.83,40.81,13,15,9,16,1,14,9,10,45,男,男,否,21704.37,12691.64,0.35
0,Y,D,38.17,16.38,16.59,47.28,10,4,5,1,13,10,0,14,42,男,男,是,11646.03,12759.16,0.35
1,Y,A,37.51,6.55,5.38,33.63,10,19,2,8,50,20,10,62,37,男,男,否,21496.72,19364.32,0.43
0,Y,D,7.34,22.97,49.61,34.96,6,9,4,11,33,13,7,85,28,女,女,是,19733.5,16417.19,0.8
1,X,E,15.55,32.07,8.5,42.8,11,12,3,11,20,12,9,121,30,男,男,否,27690.27,10323.67,0.23
1,X,B,21.27,25.56,40.25,13.71,4,16,2,7,41,4,6,6,24,男,男,否,12486.06,12115.3,0.17
1,Z,A,2.63,10.47,39.89,36.12,5,11,2,8,3,4,0,68,37,男,男,是,16997.3,19462.5,0.91
0,Z,B,37.65,31.46,36.93,30.34,2,1,6,19,3,13,13,36,24,男,男,是,17379.29,14038.31,0.19
1,X,E,0.73,2.68,24.29,14.38,5,14,9,2,27,16,12,35,36,男,男,否,20359.98,11185.34,0.89
1,Y,C,28.92,12.24,41.19,17.9,0,6,5,19,50,7,15,79,50,女,女,否,28969.43,15537.44,0.7
0,Z,B,26.64,33.44,15.65,48.98,3,3,4,2,4,0,8,110,34,男,男,是,20487.57,14364.87,0.93
1,Z,A,3.44,31.45,2.69,14.32,6,20,2,5,19,5,3,16,35,男,男,是,25091.85,10445.05,0.51
1,Y,E,12.71,15.94,34.75,24.31,0,7,6,0,23,14,8,57,48,男,男,否,10362.92,15723.51,0.96
1,X,C,11.77,21.61,0.36,27.22,5,18,4,11,6,8,0,55,45,男,男,否,15324.57,15964.04,0.31
1,Y,D,20.53,17.42,35.59,49.09,10,1,8,9,50,5,8,24,22,女,女,是,23706.3,13674.74,0.57
0,X,C,33.41,27.72,23.87,49.99,2,3,1,16,22,15,13,144,45,男,男,是,23868.5,12894.86,0.66
1,Z,E,16.61,37.37,29.72,23.17,6,13,10,2,34,4,2,21,44,男,男,否,13051.77,14516.04,0.62
1,Y,E,10.99,8.96,43.08,40.67,2,7,10,0,50,0,6,51,25,男,男,是,23019.13,10034.99,0.31
0,X,C,14.1,1.61,21.62,33.46,9,6,2,11,30,5,3,46,21,女,女,是,26828.31,12953.36,0.79
0,Z,D,13.13,31.41,31.32,23.72,2,4,9,14,35,18,5,0,20,女,女,是,18999.89,10696.16,0.42
0,Z,D,33.2,26.19,3.26,27.4,11,14,5,1,14,2,12,89,47,男,男,是,18618.1,13700.84,0.77
1,X,B,29.12,30.95,20.15,35.19,12,8,1,15,30,12,12,3,48,女,女,否,18806.29,15498.78,0.08
0,Y,A,24.25,26.05,15.32,35.76,5,18,2,10,7,14,6,124,29,男,男,否,18375.48,15454.65,0.05
1,Y,A,15.26,0.36,40.92,35.34,12,18,10,1,33,5,5,84,39,男,男,否,14017.62,15825.99,0.97
1,Z,D,17.69,24.71,39.67,43.73,3,19,6,20,1,6,12,51,35,女,女,是,25267.5,16890.99,0.99
0,X,E,37.95,20.98,47.06,18.82,12,14,3,0,7,1,10,30,29,女,女,否,21815.09,19416.96,0.42
1,Y,C,0.6,31.83,28.11,37.71,0,16,0,19,1,5,11,22,48,男,男,是,11839.41,10547.56,0.42
0,X,D,30.46,23.38,17.43,13.32,11,15,7,13,1,15,11,61,32,男,男,是,22155.81,17213.89,0.79
1,X,B,32.9,7.93,32.72,44.51,6,14,2,4,42,4,8,46,49,女,女,否,13254.29,16484.62,0.07
1,Y,D,10.45,13.94,14.62,39.28,13,15,6,10,15,14,13,60,40,女,女,是,12238.69,13697.24,0.17
1,X,B,4.83,4.8,37.31,25.84,12,2,6,17,23,20,6,50,41,女,女,否,26006.53,10036.63,0.95
0,X,E,22.52,30.75,32.56,44.67,10,1,3,19,41,6,8,136,49,女,女,是,21296.76,19884.1,0.87
0,Y,A,25.13,30.42,38.31,25.18,0,4,2,17,38,6,4,9,30,女,女,否,24461.23,18008.4,0.79
1,X,E,11.71,31.57,11.95,12.72,10,12,9,8,19,9,9,13,37,女,女,否,20622.66,15149.72,0.24
0,X,B,8.72,5.36,46.63,24.71,9,11,10,4,21,20,4,48,38,女,女,否,19658.68,15819.92,0.84
1,X,D,29.22,9.88,32.78,49.01,8,8,9,4,46,0,2,126,47,男,男,否,11142.57,18321.71,0.28
0,Y,E,8.75,9.31,20.16,11.32,9,13,4,1,21,8,12,2,43,女,女,是,25207.42,16272.36,0.12
0,Y,A,6.6,18.94,14.2,40.42,0,2,10,13,17,19,11,108,46,女,女,否,14532.02,18782.73,0.13
1,Y,A,14.32,32.11,12.73,37.38,11,17,4,11,32,15,11,5,45,女,女,是,29040.9,19464.46,0.68
0,X,D,22.16,33.61,21.28,49.05,5,13,8,15,16,1,5,38,24,男,男,是,16328.49,19563.91,0.51
0,Y,A,14.85,34.13,36.67,48.1,10,9,5,3,34,20,4,62,20,女,女,否,22699.32,18836.56,0.67
0,Y,E,1.95,24.22,6.91,23.03,0,3,8,2,38,12,5,32,28,女,女,是,21473.06,14701.49,0.47
0,Z,E,15.46,10.84,40.22,28.97,15,9,3,17,5,19,4,114,34,女,女,否,18885.09,13924.62,0.71
1,Y,B,1.31,26.95,36.58,33.56,2,20,5,4,47,15,7,136,45,女,女,否,12690.49,19396.67,0.22
0,Y,E,28.7,37.14,1.18,36.24,1,10,8,20,7,7,6,23,38,男,男,是,23500.57,14328.53,0.67
1,Y,A,7.4,10.86,36.12,30.11,5,12,6,0,47,5,10,36,38,女,女,是,16075.35,16040.79,0.53
0,X,D,30.84,12.27,43.56,20.21,4,20,2,10,14,5,6,115,42,男,男,否,17039.07,18844.6,0.31
0,X,C,7.98,16.26,29.13,30.1,5,1,1,19,5,18,9,66,22,男,男,否,20872.83,11157.59,0.89
0,X,B,24.94,2.04,14.46,15.54,2,6,9,14,41,8,2,15,24,女,女,否,29234.2,11416.76,0.91
0,Y,E,9.11,11.93,7.13,11.51,8,20,7,3,40,18,12,67,37,男,男,否,18327.31,16510.14,0.05
1,Y,E,27.57,14.02,17.5,27.38,0,11,3,15,3,10,3,88,36,女,女,否,20850.86,12665.66,0.84
1,Y,D,26.08,37.74,49.54,18.19,12,12,9,19,44,4,11,52,35,女,女,否,28821.21,18495.11,0.2
1,X,A,34.28,6.31,21.97,17.81,9,18,5,18,7,2,14,125,26,女,女,否,22061,15876.67,0.5
0,Y,E,33.4,30.92,1.98,28.2,11,20,7,16,12,2,8,97,38,男,男,是,14793.63,12913.86,0.85
1,Z,C,11.99,8.11,48.21,30.7,13,16,6,11,43,12,8,28,48,女,女,否,27071.16,15085.53,0.35
0,Y,B,13.15,31.24,32.23,34.3,1,5,6,1,20,19,15,33,29,女,女,否,17148.88,11722.85,0.66
1,Z,D,0.44,18.04,28.86,24.31,3,14,2,0,19,14,12,116,42,男,男,否,10684.06,15614.84,0.15
1,X,B,23.49,14.19,19.15,13.59,9,5,6,8,13,2,2,97,48,女,女,是,12354.22,17237.81,0.27
1,Y,B,3.55,35.61,24.23,29.11,12,0,8,2,19,13,4,51,24,女,女,是,13783.35,16448.21,0.55
0,Z,E,0.72,23.97,39.29,26.22,7,12,1,8,15,6,13,128,37,男,男,否,15224.06,17321.3,0.66
1,X,C,1.87,14.42,18.47,17.84,7,0,1,3,8,20,1,114,28,男,男,否,29948.23,13547.36,0.16
0,Z,A,28.14,28.65,5.1,48.85,10,10,0,4,10,10,8,34,31,女,女,否,28803.47,18695.96,0.49
0,X,B,33.37,7.72,40.31,20.46,6,6,4,2,7,6,1,21,50,女,女,是,16024.53,19226.88,0.69
0,Z,C,18.48,4.26,46.27,28.76,7,4,7,11,9,2,3,100,33,男,男,否,23548.05,13335.57,0.5
1,X,C,30.81,29.46,9.43,49.69,0,20,2,18,45,1,2,60,37,男,男,是,28227.89,16085.63,0.28
0,X,C,31.39,34.88,34.12,37.29,10,16,1,0,20,7,15,0,48,男,男,是,28061.43,14697.35,0.89
1,X,C,28.44,2.14,29.91,33.71,7,14,8,2,30,15,15,122,24,女,女,是,15802.96,16360.59,0.7
0,X,E,30.34,7.89,15.46,41.98,11,4,6,12,49,2,1,35,47,男,男,否,13773.46,19088.85,0.09
1,Z,A,32.49,6.73,19,40.51,0,16,10,19,18,9,1,10,29,男,男,否,25198.02,13815.39,0.52
0,Z,D,30.94,32.36,11.02,35.49,14,6,3,9,13,3,6,6,47,女,女,是,27626.56,19579.39,0.98
1,Y,A,35.22,12.14,3.37,11.71,14,18,3,6,20,11,0,44,24,男,男,是,23949.89,10190.3,0.36
0,Y,B,13.02,37.99,38.49,38.22,10,8,1,12,8,1,6,45,29,男,男,是,17578.3,15455.6,0.72
1,X,E,24.08,24.85,35.89,33.13,5,1,2,12,20,2,1,48,25,女,女,否,18737.15,15805.15,0.07
0,Y,D,11.43,18.37,32.35,30.81,1,9,7,4,30,20,9,54,21,女,女,否,18853.88,18923.45,0.81
1,Y,E,18.13,30.89,48.18,30.73,3,0,4,10,19,1,7,125,28,女,女,否,24670.31,17266.43,0.77
1,Z,D,37.14,26.57,8.53,14.23,6,14,1,11,9,8,11,19,38,女,女,否,18583.02,15656.81,0.14
1,Z,C,21.12,1.72,29.35,44.14,4,18,7,19,34,16,7,115,35,男,男,是,13976.14,18252.97,0.23
0,Y,B,38.78,26.18,13.6,36.22,8,12,4,16,13,0,0,128,41,女,女,是,16545.1,18650.58,0.3
0,Y,A,4.67,25.54,43.08,38.08,15,13,9,15,32,10,2,3,44,女,女,否,23912.88,16582.53,0.59
0,Y,C,16.83,24.97,47.59,48.57,14,11,8,16,43,7,2,33,25,女,女,否,19489.08,18968.3,0.06
1,X,B,28.97,8.13,12.7,21.93,10,14,2,11,22,14,3,25,43,男,男,是,17176.69,13255.7,0.96
1,Z,B,24.29,4.7,24.93,18.74,1,11,3,13,18,7,11,53,46,男,男,否,23829.74,14612.21,0.25
0,Z,C,10.78,9.77,28.74,12.16,10,15,1,7,15,3,4,93,28,男,男,是,18989.8,16040.81,0.63
0,Z,B,19.89,32.21,24.81,19.16,14,8,3,7,16,2,15,128,34,男,男,是,19684.69,15856.01,0.96
0,Z,C,14.37,16.02,31.22,10.25,2,17,3,10,43,20,11,113,49,男,男,是,12933.87,14037.04,1
0,X,C,38.88,16.49,2.91,12.29,10,1,7,17,9,11,11,0,46,男,男,否,27601.7,16512.44,0.39
1,Y,B,26.35,25.82,20.42,12.28,11,19,0,17,11,18,9,104,38,女,女,否,12314.83,12580.11,0.19
1,Y,A,28.33,32.91,22.21,19.83,12,12,2,10,21,20,2,14,39,男,男,否,13054.51,12045.65,0.23
1,X,E,25.57,17.52,0.08,32.71,7,13,4,11,22,5,8,95,27,男,男,是,24588.72,12393.86,0.75
1,Z,B,13.35,9.93,35.85,18.91,14,5,8,9,10,13,3,50,48,男,男,是,13791.5,12181.23,0.53
1,Y,B,35.39,35.61,33.92,45.06,10,11,4,1,13,17,7,73,47,女,女,是,15219.56,18158.83,0.49
0,X,B,2.07,14.83,38.92,36.51,15,7,0,8,37,13,3,121,34,男,男,否,26897.37,10001.93,0.57
1,Z,A,12.06,18.57,7.8,45.73,0,13,4,18,26,15,7,5,27,男,男,是,15419.63,14777.75,0.26
0,X,A,23.12,11.68,45.79,24.4,12,12,1,11,31,9,13,110,44,女,女,否,11128.41,18595.18,0.3
1,Y,C,5.24,13.86,26.08,36.56,7,12,10,16,30,18,11,13,25,男,男,是,13053.74,16933.3,0.73
0,Y,B,3.64,28.8,43.24,16.2,0,17,4,13,37,3,2,73,50,女,女,是,16563.96,12612.06,0.39
0,X,B,7.21,36.88,28.82,42.83,12,16,4,14,47,1,0,54,44,女,女,否,10826.17,18071.16,0.18
0,Z,A,0.87,2.54,23.57,49.48,3,12,4,5,21,5,3,124,35,女,女,否,20850.88,10727.18,0.69
1,Z,E,21.79,1.68,41.01,14.75,1,12,7,17,0,20,14,73,34,女,女,是,21920.93,13536.06,0.23
1,Y,B,30.28,1.83,11.84,46.11,10,17,9,9,25,8,11,69,27,男,男,是,17087.1,10356.4,0.09
0,Y,C,32.46,21.24,47.95,22.64,4,10,8,18,32,4,0,69,47,女,女,是,19564.84,15693.66,0.07
1,Y,A,28.5,2.19,34.76,10.23,11,8,0,6,2,11,5,110,48,女,女,否,22617.93,19545.61,0.44
0,Y,D,36.83,14.16,21.75,15.41,8,10,9,18,45,7,11,115,22,男,男,否,20241.24,14932.6,0.58
0,Y,A,11.6,1.13,11.7,21.62,6,6,8,14,25,18,11,141,36,男,男,是,16167.68,10262.12,0.18
0,Z,A,21.09,24.01,15.52,23.69,9,13,6,13,42,18,8,84,46,男,男,是,25978.67,14506.16,0.13
0,X,B,28.64,8.71,28.72,38.9,14,10,5,4,34,12,6,11,24,男,男,是,12114.55,12908.89,0.04
0,Z,B,36.6,6.83,47.33,27.32,12,6,7,4,1,15,6,3,26,男,男,否,15397.15,19442.49,0.45
1,Z,D,30.53,39.91,7.12,15.09,3,5,8,18,3,11,15,133,46,女,女,否,16486.8,14250.89,0.44
0,Z,B,27.21,11.21,8.78,25.22,1,18,1,19,49,2,7,1,21,女,女,是,11725.33,10786.31,0.1
1,X,B,30.11,1.45,10.47,36.35,11,8,0,9,27,1,14,104,43,男,男,是,18435.32,16677.82,0.35
0,Y,E,32.58,7.51,35.19,24.37,11,11,7,8,24,7,14,52,43,女,女,否,25163.46,11285.28,0.96
1,Z,E,21.77,17.13,7.61,42.44,11,3,0,9,5,12,9,135,40,女,女,是,11327.52,12347,0.03
1,X,B,35.63,17.36,24.55,49.21,7,10,9,16,4,13,13,130,24,女,女,是,22413.65,16779.88,0.53
1,Y,B,37.5,30.98,48.58,33.5,15,12,7,19,21,4,3,51,46,女,女,否,14888.14,19960,0.81
0,Z,D,37.74,21.26,41.93,45.21,2,12,8,11,38,2,0,135,36,男,男,是,24476.9,12702.05,0.14
0,Y,E,32.36,19.1,33.78,31.71,14,0,5,5,11,5,0,3,44,女,女,否,23746.53,15398.66,1
0,Y,B,39.47,20.68,36.04,36.89,9,10,1,17,9,4,10,111,39,女,女,否,29764.68,16082.53,0.3
0,Y,E,23.6,20.82,17.11,45.29,12,8,10,13,46,14,3,26,44,女,女,否,17890.53,19046.68,0.35
0,Z,A,35.45,9.45,25.48,20.76,13,2,7,12,44,15,9,5,31,女,女,是,26037.66,16412.48,0.97
0,X,D,36.05,7.75,23.47,48.6,2,6,10,16,50,7,3,27,50,女,女,否,11565.79,13609.67,0.63
1,X,A,22.41,22.49,26.94,14.92,11,15,2,9,11,5,8,81,20,男,男,否,21379.97,13740.58,0.19
1,Z,D,16.39,20.81,27.69,39.19,7,3,8,5,9,1,0,131,28,女,女,是,13158.89,12152.73,0.53
0,X,B,15.23,29.89,47.46,16.6,10,5,4,12,24,15,15,25,25,男,男,是,28496.92,11603.65,0.6
1,Z,D,39.37,29.71,16.23,31.12,11,14,7,13,47,5,14,45,44,女,女,是,13641.19,17088.83,0.85
0,X,A,23.82,2.96,32.37,26.94,2,8,3,5,6,9,12,43,48,女,女,否,15683.32,14482.48,0.18
0,X,D,0.85,29,19.26,39.87,13,10,2,3,40,10,4,121,49,女,女,否,21548.47,12631.97,0.07
0,Z,D,36.79,18.7,29.52,35.43,12,10,6,17,29,7,5,108,46,男,男,是,15151.48,15944.38,0.37
1,Y,B,8.87,27.9,25.22,23.79,3,6,7,19,0,13,3,88,29,女,女,是,25194.74,19583.56,0.22
1,Z,E,6.9,34.72,37.88,26.72,6,2,1,3,0,19,0,145,48,男,男,否,11038.81,17778.77,0.65
1,Y,A,17.01,4.64,14.17,47.14,11,12,8,1,35,9,3,83,26,男,男,是,10268.23,17336.03,0.62
0,X,C,13.32,11.7,33.56,28.48,2,6,4,18,3,14,3,37,47,女,女,否,18503.67,19783.64,0.86
0,Y,B,34.19,38.41,31.23,39.65,0,12,4,4,22,11,7,140,36,男,男,是,18401.41,12378.21,0.87
1,Z,D,1.74,33.9,3.86,34.09,2,4,1,16,45,12,14,15,26,男,男,是,15783.98,13325.92,0.64
1,X,A,19.4,18.41,7.97,11.19,0,17,10,11,0,2,15,75,50,男,男,否,20987.78,17484.25,0.47
0,X,C,21.92,20.67,7.14,21.81,4,13,1,19,37,12,3,78,22,男,男,否,23539.86,10420.05,0.06
0,Y,A,9.86,4.84,5.88,48.65,6,19,6,13,18,12,0,100,46,男,男,否,19221.62,10706.44,0.24
0,Z,E,5.98,24.75,17.22,31.71,5,16,6,17,3,12,14,61,27,男,男,是,24319.7,12607.34,0.41
1,Y,D,23.8,35.51,1.06,36.63,2,13,10,2,24,14,12,51,27,女,女,否,27587.86,11906.18,0.86
0,X,A,14.06,2.85,39.35,23.94,4,19,1,13,48,9,4,72,22,女,女,否,15540.12,18414,0.36
0,Y,A,27.4,4.28,21.57,46.99,8,8,0,17,50,4,0,4,31,女,女,是,26527.31,10351.94,0.03
0,Z,E,18.49,26.59,31.38,18.32,7,11,7,20,27,14,13,115,22,女,女,否,13482.9,19055.82,0.55
1,X,C,12.46,1.42,30.56,41.08,7,19,6,7,9,0,8,29,40,男,男,是,17139.26,14586.32,0.01
0,X,B,10.89,15.23,28.37,36.7,13,5,5,14,7,0,13,37,37,男,男,否,14536.42,12000.77,0.54
0,Y,A,21.68,34.14,18.65,48.08,9,8,3,16,9,8,8,10,42,女,女,是,11644.72,15921.19,0.24
1,Y,D,13,25.03,18.79,37.47,6,7,0,19,6,5,12,83,32,女,女,是,22008.3,14597.99,0.36
1,Z,C,15.65,30.85,11.61,47.53,15,11,8,1,46,8,11,93,22,男,男,是,23937.08,11250.75,0.23
1,Z,C,6.45,12.54,35.58,33.23,12,15,4,7,47,10,13,114,46,男,男,是,22016.07,17134.72,0.3
0,X,B,19.77,3.17,46.99,45.91,8,10,3,6,27,4,5,95,47,女,女,是,17881.19,17894.14,0.67
1,X,B,32.32,33.26,39.72,27.97,2,15,4,12,5,20,0,7,28,女,女,否,10760.19,11637.54,0.93
0,Z,D,33.79,35.62,25.14,35.3,4,10,7,9,12,13,12,39,42,女,女,否,28114.38,11526.74,0.22
0,Y,B,16.29,31.7,44.08,39.12,14,5,10,14,12,3,8,111,46,女,女,是,26805.19,16554.23,0.76
0,X,E,25.63,15.4,17.05,35.13,11,9,3,1,7,20,11,22,30,男,男,是,28706.52,19658.33,0.77
0,Z,B,30.33,4.64,31.17,44.99,10,16,5,18,14,11,10,80,26,男,男,是,27953.97,11121.51,0.45
1,Y,C,18.95,31.89,24.98,30.97,1,15,4,18,35,13,1,71,45,女,女,否,10527.11,18791.21,0.78
1,Z,B,13.88,19.05,12.7,23.11,11,19,1,20,10,3,9,44,22,男,男,是,11580.48,16771.42,0.98
0,Z,E,31.28,21.94,26.79,36.84,13,4,3,8,32,0,12,116,24,女,女,是,13775.22,13374.21,0.86
1,Y,C,8.87,13.18,24.04,24.59,14,0,7,3,35,7,11,91,26,女,女,否,27353.24,19301.5,0.66
0,Z,C,1.98,17.47,0.19,45.88,15,18,10,19,36,13,12,111,20,男,男,是,22623.2,13760.52,0.48
1,Y,A,39.39,32.7,43.96,43.14,0,14,8,1,27,20,10,139,33,女,女,否,18950.49,19121.74,0.54
1,Y,A,1.36,39.79,8.29,43.07,7,3,0,12,43,10,9,128,40,男,男,是,24188.26,10573.82,0.79
1,Z,D,14.4,34.88,16.44,43.43,12,0,8,10,50,13,6,31,31,女,女,否,21550.28,11919.97,0.14
0,Z,D,3.37,24.53,38.98,10.82,2,8,4,6,6,20,4,85,31,女,女,否,23059.02,19690.16,0.13
0,Y,C,1.91,23.36,3.63,45.36,10,10,0,12,6,18,5,35,33,男,男,是,10071.31,15739.64,0.04
1,Y,A,1.84,18.48,14.91,37.1,8,2,5,5,25,16,7,72,31,女,女,是,20073.46,14329.41,0.47
1,Y,A,32.13,33.5,12.18,30.45,15,9,0,14,46,6,11,58,38,男,男,否,24824.7,13857.34,0.17
1,X,E,18.36,29.37,30.42,24.3,11,14,7,5,23,7,2,64,34,女,女,否,20802.34,12821.47,0.72
0,Z,D,21.43,31.09,11.08,41.06,14,5,0,4,47,13,2,39,21,女,女,是,12980.79,17917.09,0.28
0,X,C,8.53,26.8,42.23,12.45,15,11,5,4,50,3,3,70,29,女,女,是,10922.13,12357.33,0.55
0,Z,A,11.65,9.75,37.3,15.69,12,2,2,11,2,4,13,121,34,男,男,否,22128.83,18456.87,0.74
0,Z,D,21.76,7.77,10.67,31.97,11,11,6,6,42,7,12,117,39,男,男,是,21693.83,17531.11,0.7
0,X,C,25.57,10.51,39.78,28.49,9,7,4,13,35,15,7,22,27,男,男,是,16438.4,12522.15,0.23
0,Z,C,32.41,1.75,37.26,29.82,7,19,9,3,4,17,4,0,40,女,女,否,14570.91,11088.9,0.2
1,Y,D,17.94,0.87,29.46,14.08,5,0,8,1,47,14,11,147,31,男,男,是,13595.4,17787.45,0.07
1,Y,D,16.48,12.81,45.8,13.55,13,5,4,15,40,3,0,80,33,女,女,否,11255.59,15920.63,0.91
0,X,B,7.33,16.63,21.19,25.69,13,1,5,3,32,7,11,122,49,男,男,否,23529.35,14827.09,0.03
1,Y,D,3.22,17.81,35.48,44.39,5,12,4,9,50,13,7,76,40,女,女,是,21467.08,14838.94,0.42
0,Y,C,19.73,16.4,14.95,40.71,1,17,4,20,45,8,1,49,26,女,女,是,19081.17,14312,0.99
0,Z,C,26.81,39.09,44.97,20.45,5,18,9,20,11,13,9,82,24,男,男,否,21554.69,13222.62,0.36
1,X,D,19.22,14.78,33.29,10.26,4,20,1,2,17,11,15,71,38,男,男,是,15837.63,10186.88,0.18
0,X,A,12.96,10.49,48.96,26.78,5,10,1,0,23,9,5,34,40,女,女,否,16886.44,18745.75,0.59
0,X,A,9.01,14.49,9.68,46.95,14,15,1,0,50,15,6,40,27,男,男,否,19287.13,11783.93,0.58
1,Z,A,26.67,4.79,7.86,19.87,5,5,4,18,12,17,12,125,40,男,男,是,28605.52,13962.68,0.93
0,Z,D,34.62,28.16,7.78,16.38,0,10,5,5,31,7,7,132,34,女,女,否,12130.65,14289.2,0.91
0,Y,A,21.72,35.72,33.21,37.23,4,20,7,8,37,20,2,126,20,女,女,是,29969.66,11498.1,0.81
0,Z,E,27.14,38.02,43,27.31,5,19,1,3,32,18,0,54,49,男,男,是,28302.24,19990.97,0.17
1,Z,D,39.24,30.62,17.93,49.36,7,16,8,15,46,11,5,23,45,男,男,是,25521.27,17227.01,0.98
1,X,A,8.83,38.22,26.5,23.39,11,17,3,6,46,20,4,128,46,男,男,否,25833.22,18089.72,0.22
1,Y,A,4.75,5.27,39.88,28.95,10,20,9,5,6,12,10,61,27,男,男,是,17918.19,15206.11,0.35
1,X,E,22.32,12.51,33.24,18.29,0,17,1,11,31,14,13,1,27,男,男,是,16810.69,12862.62,0.8
0,X,B,7.42,31.27,1.13,20.6,3,3,1,8,41,12,10,100,27,女,女,否,17288.74,12447.01,0.5
1,X,B,3.64,15.52,24.89,14.64,8,1,3,15,42,18,5,107,36,女,女,是,19785.17,10618.86,0.79
1,X,A,5.94,32.67,40.44,41.73,15,7,4,2,50,18,2,136,34,女,女,否,26262.7,12367.07,0.74
0,Y,A,34.64,20.13,40.38,29.84,12,12,7,15,50,7,14,82,28,女,女,否,11501.75,15927.91,0.14
0,X,E,5.88,23.81,30.77,49.04,9,10,4,20,18,4,15,99,49,女,女,否,25592.68,11181.85,0.93
1,Y,E,25.8,36.05,41.41,10.37,1,10,9,10,0,8,3,136,38,女,女,是,19117.48,18585.57,0.8
1,Y,D,9.03,18.01,38.15,27.27,11,3,8,9,9,8,1,87,23,男,男,否,14124.44,11514.19,0.07
1,Y,A,15.8,9.37,3.96,20.95,11,20,7,12,18,20,15,44,32,男,男,否,26275.39,12054.96,0.06
1,X,E,1.25,0.64,23.06,23.49,5,19,1,9,14,8,7,144,36,女,女,是,13131.77,11286,0.89
1,Z,B,1.95,35.21,24.23,23.99,4,0,4,9,39,6,4,5,28,男,男,是,14921.62,12080.55,0.73
0,Z,C,34.71,12.73,13.02,19.3,8,1,10,1,21,17,12,143,45,男,男,是,26584.53,19043.38,0.72
1,Z,A,2.62,31.78,43.88,13.51,15,18,6,9,1,0,14,88,45,男,男,否,28919.42,17534.55,0.46
0,Y,B,16.85,28.66,18.6,27.6,13,13,3,3,27,19,0,47,43,男,男,是,22368.14,16850.28,0.38
0,Y,B,1.53,21.89,0.42,48.69,7,5,10,12,39,15,11,65,30,女,女,是,12794.05,19655.31,0.67
0,Y,C,15,5.82,40.25,12.89,15,19,8,0,33,1,0,109,31,女,女,否,26968.53,14987.43,0.38
1,Z,E,17.18,16.13,35.26,26.61,11,0,8,16,20,10,6,138,22,女,女,否,26087.34,18156.63,0.88
